/*
Navicat MySQL Data Transfer

Source Server         : zpl
Source Server Version : 50523
Source Host           : localhost:3306
Source Database       : oj

Target Server Type    : MYSQL
Target Server Version : 50523
File Encoding         : 65001

Date: 2014-07-18 23:15:34
*/
drop database if exists ojsite;
create database ojsite character set utf8;
use ojsite;
SET FOREIGN_KEY_CHECKS=0;

-- ----------------------------
-- Table structure for `testuser_problem`
-- ----------------------------
CREATE TABLE ojsite.testuser_problem (tuid INT(10) NOT NULL, problemid INT(10) NOT NULL, PRIMARY KEY (tuid, problemid)) ENGINE=InnoDB AUTO_INCREMENT=24 DEFAULT CHARSET=utf8 COMMENT = 'testuser和problem的关联表'


-- ----------------------------
-- Table structure for `api`
-- ----------------------------
DROP TABLE IF EXISTS `api`;
CREATE TABLE `api` (
  `apiid` int(11) NOT NULL AUTO_INCREMENT,
  `api` text NOT NULL COMMENT '这个是有该权限的api',
  PRIMARY KEY (`apiid`)
) ENGINE=InnoDB AUTO_INCREMENT=24 DEFAULT CHARSET=utf8 COMMENT='这个是api表\r\n';

-- ----------------------------
-- Records of api
-- ----------------------------
INSERT INTO `api` VALUES ('1', '/user/add/hr');
INSERT INTO `api` VALUES ('2', '/user/confirm');
INSERT INTO `api` VALUES ('3', '/contactus');
INSERT INTO `api` VALUES ('4', '/question/query');
INSERT INTO `api` VALUES ('5', '/search/site');
INSERT INTO `api` VALUES ('6', '/search/my');
INSERT INTO `api` VALUES ('7', '/search/user/common');
INSERT INTO `api` VALUES ('8', '/search/admin');
INSERT INTO `api` VALUES ('9', '/test/manage/submite');
INSERT INTO `api` VALUES ('10', '/question/add');
INSERT INTO `api` VALUES ('11', '/test/show');
INSERT INTO `api` VALUES ('12', '/test/manage');
INSERT INTO `api` VALUES ('13', '/test/manage/setting/set');
INSERT INTO `api` VALUES ('14', '/test/manage/invite');
INSERT INTO `api` VALUES ('15', '/user/setting/query');
INSERT INTO `api` VALUES ('16', '/user/setting/set');
INSERT INTO `api` VALUES ('17', '/set/manage');
INSERT INTO `api` VALUES ('18', '/user/add/admin');
INSERT INTO `api` VALUES ('19', '/test/add');
INSERT INTO `api` VALUES ('20', '/test/queryByID');
INSERT INTO `api` VALUES ('21', '/test/queryByName');
INSERT INTO `api` VALUES ('22', '/search/sets');
INSERT INTO `api` VALUES ('23', '/question/delete');

-- ----------------------------
-- Table structure for `contactus`
-- ----------------------------
DROP TABLE IF EXISTS `contactus`;
CREATE TABLE `contactus` (
  `cid` int(11) NOT NULL AUTO_INCREMENT,
  `email` text NOT NULL COMMENT '这个是留言者的email',
  `name` text COMMENT '留言者名字',
  `context` text COMMENT '内容',
  PRIMARY KEY (`cid`)
) ENGINE=InnoDB AUTO_INCREMENT=2 DEFAULT CHARSET=utf8 COMMENT='留言表';

-- ----------------------------
-- Records of contactus
-- ----------------------------
INSERT INTO `contactus` VALUES ('1', 'xxx', 'zpl', 'fuck fuck fuck ');

-- ----------------------------
-- Table structure for `invite`
-- ----------------------------
DROP TABLE IF EXISTS `invite`;
CREATE TABLE `invite` (
  `iid` int(11) NOT NULL AUTO_INCREMENT,
  `testid` int(11) DEFAULT NULL COMMENT '测试的id',
  `hrid` int(11) DEFAULT NULL COMMENT '测试的hr',
  `uid` int(11) DEFAULT NULL COMMENT '被邀请的用户id，如果该email第一次邀请，则系统自动注册',
  `inviteTime` datetime DEFAULT NULL COMMENT '邀请发出去的时间',
  `finishtime` datetime DEFAULT NULL COMMENT '用户完成的时间，如果是0表示没有完成',
  `score` text COMMENT '存放的形式为 20/50',
  PRIMARY KEY (`iid`),
  KEY `f_t_i` (`testid`)
) ENGINE=InnoDB AUTO_INCREMENT=4 DEFAULT CHARSET=utf8 COMMENT='这个是邀请的表，里面存放着被邀请的人';

-- ----------------------------
-- Records of invite
-- ----------------------------
INSERT INTO `invite` VALUES ('1', '5', '3', '18', '2014-07-02 16:22:20', '2014-07-02 16:22:20', '0/0');
INSERT INTO `invite` VALUES ('2', '5', '3', '19', '2014-07-02 16:31:29', '2014-07-02 16:31:29', '0/0');
INSERT INTO `invite` VALUES ('3', '5', '3', '3', '2014-07-02 16:34:22', '2014-07-02 16:34:22', '0/0');

-- ----------------------------
-- Table structure for `problem`
-- ----------------------------
DROP TABLE IF EXISTS `problem`;
CREATE TABLE `problem` (
  `uuid` int(11) NOT NULL COMMENT '全局统一id',
  `problem_id` int(11) NOT NULL AUTO_INCREMENT COMMENT '问题的id',
  `title` text COMMENT '问题的题目',
  `description` text COMMENT '问题的描述',
  `date` date DEFAULT NULL COMMENT '产生的时间',
  `problem_set_id` int(11) DEFAULT NULL COMMENT '试题集id',
  `creator` int(11) DEFAULT NULL COMMENT '这个表示是谁产生的问题',
  `type` int(11) NOT NULL COMMENT '1：选择题 2：编程题 4：自定义问题 3：问答题',
  `limit_time` int(11) DEFAULT NULL COMMENT '时间限制',
  `limit_mem` int(11) DEFAULT NULL COMMENT '内存限制',
  `submit` int(11) DEFAULT NULL COMMENT '总共被人做的次数',
  `sloved` int(11) DEFAULT NULL COMMENT '做对了的人次数',
  `modifier` int(11) DEFAULT NULL COMMENT '修改者id',
  `modifyDate` datetime DEFAULT NULL COMMENT '修改者时间',
  `isdelete` int(11) DEFAULT '0' COMMENT '0:表示活跃，1表示删除',
  `belong` int(11) DEFAULT '0' COMMENT '0表示网站的题，1表示是自己的题',
  PRIMARY KEY (`problem_id`),
  KEY `f_problem_owner` (`creator`)
) ENGINE=InnoDB AUTO_INCREMENT=35 DEFAULT CHARSET=utf8 COMMENT='这个是问题表';

-- ----------------------------
-- Records of problem
-- ----------------------------
INSERT INTO `problem` VALUES ('33', '33', 'choose1', 'choose12', '2014-07-18', null, '22', '1', '5', '512', '0', '0', '0', '2014-07-18 22:58:31', '1', '1');
INSERT INTO `problem` VALUES ('33', '34', 'choose3', 'choose12', '2014-07-18', null, '22', '1', '5', '512', '0', '0', '22', '2014-07-18 22:58:57', '1', '1');

-- ----------------------------
-- Table structure for `problem_test_case`
-- ----------------------------
DROP TABLE IF EXISTS `problem_test_case`;
CREATE TABLE `problem_test_case` (
  `test_case_id` int(11) NOT NULL AUTO_INCREMENT,
  `problem_id` int(11) DEFAULT NULL COMMENT '问题编号',
  `score` int(11) DEFAULT '4' COMMENT '该测试用例的分数',
  `excepted_res` text COMMENT '预期的值',
  `args` text COMMENT '参数',
  `detail` text COMMENT '这个是说明测试用例',
  PRIMARY KEY (`test_case_id`),
  KEY `p_id` (`problem_id`)
) ENGINE=InnoDB AUTO_INCREMENT=51 DEFAULT CHARSET=utf8 COMMENT='这个是问题相关联问题的测试用例\r\n这个也可以表示选择题的选项和答案\r\n';

-- ----------------------------
-- Records of problem_test_case
-- ----------------------------
INSERT INTO `problem_test_case` VALUES ('49', '33', '4', 'true', '试试', null);
INSERT INTO `problem_test_case` VALUES ('50', '34', '4', 'true', '试试', null);

-- ----------------------------
-- Table structure for `quiz`
-- ----------------------------
DROP TABLE IF EXISTS `quiz`;
CREATE TABLE `quiz` (
  `quizid` int(11) NOT NULL AUTO_INCREMENT,
  `owner` int(11) NOT NULL,
  `name` text NOT NULL COMMENT '测试的名字',
  `date` datetime DEFAULT NULL COMMENT '创建的时间',
  `time` int(11) NOT NULL DEFAULT '70' COMMENT '该测试所需的时间，默认70分钟',
  `extra_info` text COMMENT '1,2,3,4 （1代表学校信息，2代表学历，3代表编码年限，4代表link',
  `uuid` int(11) DEFAULT NULL COMMENT '全局唯一识别符，只要uuid相同的，那么都是同一个测试，以时间最新的为标准',
  `emails` text COMMENT '这个里面是测试报告发送地址的邮件，使用逗号隔开',
  PRIMARY KEY (`quizid`)
) ENGINE=InnoDB AUTO_INCREMENT=10 DEFAULT CHARSET=utf8 COMMENT='这个是存放测试的表';

-- ----------------------------
-- Records of quiz
-- ----------------------------

-- ----------------------------
-- Table structure for `quizproblem`
-- ----------------------------
DROP TABLE IF EXISTS `quizproblem`;
CREATE TABLE `quizproblem` (
  `tpid` int(11) NOT NULL AUTO_INCREMENT,
  `quizid` int(11) NOT NULL COMMENT '测试id',
  `problemid` int(11) NOT NULL COMMENT '问题id',
  `date` datetime NOT NULL,
  `lang` text COMMENT '（1,2,3,4）的形式 用来保存该题目只能用哪些语言',
  PRIMARY KEY (`tpid`),
  KEY `f_tp_test` (`quizid`),
  KEY `f_tp_problem` (`problemid`)
) ENGINE=InnoDB AUTO_INCREMENT=7 DEFAULT CHARSET=utf8 COMMENT='这个是测试与问题的关联表';

-- ----------------------------
-- Records of quizproblem
-- ----------------------------

-- ----------------------------
-- Table structure for `resultinfo`
-- ----------------------------
DROP TABLE IF EXISTS `resultinfo`;
CREATE TABLE `resultinfo` (
  `resultinfo_id` int(11) NOT NULL AUTO_INCREMENT,
  `test_case_id` int(11) DEFAULT NULL COMMENT '测试用例的数目',
  `solution_id` int(11) DEFAULT NULL COMMENT 'solution_run的id',
  `cost_time` int(11) DEFAULT NULL COMMENT '程序运行所花费的时间',
  `cost_mem` int(11) DEFAULT NULL COMMENT '程序运行所花费的内存',
  `test_case_result` text COMMENT '这个是用户自定义测试用例返回的结果',
  `test_case` text COMMENT '这个是用户自定义的测试用例',
  `score` int(11) DEFAULT NULL COMMENT '得分',
  PRIMARY KEY (`resultinfo_id`),
  KEY `f_result_so_id` (`solution_id`)
) ENGINE=InnoDB DEFAULT CHARSET=utf8 COMMENT='这个是用来记录用户的答题信息';

-- ----------------------------
-- Records of resultinfo
-- ----------------------------

-- ----------------------------
-- Table structure for `role`
-- ----------------------------
DROP TABLE IF EXISTS `role`;
CREATE TABLE `role` (
  `roleid` int(11) NOT NULL DEFAULT '0' COMMENT '这个是角色id',
  `rolename` text,
  PRIMARY KEY (`roleid`)
) ENGINE=InnoDB DEFAULT CHARSET=utf8 COMMENT='特权等级有\r\n0：任何用户\r\n1：参与测试的用户\r\n2：hr\r\n3：网站管理员\r\n4：超级管理员';

-- ----------------------------
-- Records of role
-- ----------------------------
INSERT INTO `role` VALUES ('0', 'visitor');
INSERT INTO `role` VALUES ('1', 'tester');
INSERT INTO `role` VALUES ('2', 'hr');
INSERT INTO `role` VALUES ('3', 'admin');
INSERT INTO `role` VALUES ('4', 'superadmin');

-- ----------------------------
-- Table structure for `role_api`
-- ----------------------------
DROP TABLE IF EXISTS `role_api`;
CREATE TABLE `role_api` (
  `rpid` int(11) NOT NULL AUTO_INCREMENT,
  `roleid` int(11) DEFAULT NULL COMMENT '角色表',
  `apiid` int(11) DEFAULT NULL COMMENT 'api表',
  PRIMARY KEY (`rpid`)
) ENGINE=InnoDB AUTO_INCREMENT=65 DEFAULT CHARSET=utf8 COMMENT='这个是角色-权限表';

-- ----------------------------
-- Records of role_api
-- ----------------------------
INSERT INTO `role_api` VALUES ('1', '2', '1');
INSERT INTO `role_api` VALUES ('2', '2', '2');
INSERT INTO `role_api` VALUES ('3', '2', '3');
INSERT INTO `role_api` VALUES ('4', '2', '4');
INSERT INTO `role_api` VALUES ('5', '2', '5');
INSERT INTO `role_api` VALUES ('6', '2', '6');
INSERT INTO `role_api` VALUES ('7', '3', '7');
INSERT INTO `role_api` VALUES ('8', '4', '8');
INSERT INTO `role_api` VALUES ('9', '2', '9');
INSERT INTO `role_api` VALUES ('10', '2', '10');
INSERT INTO `role_api` VALUES ('11', '2', '11');
INSERT INTO `role_api` VALUES ('12', '2', '12');
INSERT INTO `role_api` VALUES ('13', '2', '13');
INSERT INTO `role_api` VALUES ('14', '2', '14');
INSERT INTO `role_api` VALUES ('15', '2', '15');
INSERT INTO `role_api` VALUES ('16', '2', '16');
INSERT INTO `role_api` VALUES ('17', '3', '17');
INSERT INTO `role_api` VALUES ('18', '4', '18');
INSERT INTO `role_api` VALUES ('19', '3', '1');
INSERT INTO `role_api` VALUES ('20', '3', '2');
INSERT INTO `role_api` VALUES ('21', '3', '3');
INSERT INTO `role_api` VALUES ('22', '3', '4');
INSERT INTO `role_api` VALUES ('23', '3', '5');
INSERT INTO `role_api` VALUES ('24', '3', '6');
INSERT INTO `role_api` VALUES ('27', '3', '9');
INSERT INTO `role_api` VALUES ('28', '3', '10');
INSERT INTO `role_api` VALUES ('29', '3', '11');
INSERT INTO `role_api` VALUES ('30', '3', '12');
INSERT INTO `role_api` VALUES ('31', '3', '13');
INSERT INTO `role_api` VALUES ('32', '3', '14');
INSERT INTO `role_api` VALUES ('33', '3', '15');
INSERT INTO `role_api` VALUES ('34', '3', '16');
INSERT INTO `role_api` VALUES ('35', '4', '5');
INSERT INTO `role_api` VALUES ('36', '4', '4');
INSERT INTO `role_api` VALUES ('37', '4', '3');
INSERT INTO `role_api` VALUES ('38', '4', '2');
INSERT INTO `role_api` VALUES ('39', '4', '1');
INSERT INTO `role_api` VALUES ('40', '4', '6');
INSERT INTO `role_api` VALUES ('41', '4', '7');
INSERT INTO `role_api` VALUES ('42', '4', '5');
INSERT INTO `role_api` VALUES ('43', '4', '9');
INSERT INTO `role_api` VALUES ('44', '4', '10');
INSERT INTO `role_api` VALUES ('45', '4', '11');
INSERT INTO `role_api` VALUES ('46', '4', '12');
INSERT INTO `role_api` VALUES ('47', '4', '14');
INSERT INTO `role_api` VALUES ('48', '4', '13');
INSERT INTO `role_api` VALUES ('49', '4', '15');
INSERT INTO `role_api` VALUES ('50', '4', '16');
INSERT INTO `role_api` VALUES ('51', '4', '17');
INSERT INTO `role_api` VALUES ('52', '1', '4');
INSERT INTO `role_api` VALUES ('53', '1', '3');
INSERT INTO `role_api` VALUES ('54', '0', '3');
INSERT INTO `role_api` VALUES ('55', '2', '19');
INSERT INTO `role_api` VALUES ('56', '3', '19');
INSERT INTO `role_api` VALUES ('57', '2', '20');
INSERT INTO `role_api` VALUES ('58', '3', '20');
INSERT INTO `role_api` VALUES ('59', '2', '21');
INSERT INTO `role_api` VALUES ('60', '3', '21');
INSERT INTO `role_api` VALUES ('61', '2', '22');
INSERT INTO `role_api` VALUES ('62', '3', '22');
INSERT INTO `role_api` VALUES ('63', '2', '23');
INSERT INTO `role_api` VALUES ('64', '3', '23');

-- ----------------------------
-- Table structure for `sets`
-- ----------------------------
DROP TABLE IF EXISTS `sets`;
CREATE TABLE `sets` (
  `problem_set_id` int(11) NOT NULL AUTO_INCREMENT,
  `name` text,
  `date` datetime DEFAULT NULL,
  `owner` int(11) DEFAULT NULL,
  PRIMARY KEY (`problem_set_id`),
  KEY `f_owner_id` (`owner`)
) ENGINE=InnoDB AUTO_INCREMENT=5 DEFAULT CHARSET=utf8 COMMENT='这个是试题集信息表';

-- ----------------------------
-- Records of sets
-- ----------------------------
INSERT INTO `sets` VALUES ('1', 'C', '2014-07-14 15:52:56', '1');
INSERT INTO `sets` VALUES ('2', 'Java ELITE', '2014-07-14 15:53:18', '1');
INSERT INTO `sets` VALUES ('3', 'Java PRIMARY', '2014-07-13 15:53:40', '1');
INSERT INTO `sets` VALUES ('4', 'Algorithm', '2014-07-14 15:54:03', '1');

-- ----------------------------
-- Table structure for `solution_record`
-- ----------------------------
DROP TABLE IF EXISTS `solution_record`;
CREATE TABLE `solution_record` (
  `record_id` int(11) NOT NULL AUTO_INCREMENT COMMENT '这个主要是用来记录用户改变程序后的快照',
  `uid` int(11) DEFAULT NULL COMMENT '用户email',
  `problem_id` int(11) DEFAULT NULL COMMENT '问题id',
  `test_id` int(11) DEFAULT NULL COMMENT '测试的id',
  `date` date DEFAULT NULL COMMENT '发生的时间',
  `solution` text COMMENT '快照源码',
  `language` int(11) DEFAULT NULL COMMENT '语言',
  PRIMARY KEY (`record_id`),
  KEY `f_record_prob_if` (`problem_id`),
  KEY `f_record_user` (`uid`)
) ENGINE=InnoDB DEFAULT CHARSET=utf8 COMMENT='这个是用来记录用户编程的记录';

-- ----------------------------
-- Records of solution_record
-- ----------------------------

-- ----------------------------
-- Table structure for `solution_run`
-- ----------------------------
DROP TABLE IF EXISTS `solution_run`;
CREATE TABLE `solution_run` (
  `solution_id` int(11) NOT NULL AUTO_INCREMENT,
  `user_id` int(11) DEFAULT NULL COMMENT '用户的email',
  `quizid` int(11) DEFAULT NULL COMMENT '测试题编号',
  `problem_id` int(11) DEFAULT NULL COMMENT '问题编号，当问题编号为-1的时候，则是用户自己运行测试',
  `solution` text COMMENT '这个是程序',
  `user_test_case` text COMMENT '这个是用户自定义的测试用例',
  `error` text COMMENT '出错信息',
  `language` int(11) DEFAULT NULL COMMENT '编程语言',
  `date` datetime DEFAULT NULL COMMENT '写入数据库的时间',
  `type` int(11) DEFAULT NULL COMMENT '0:表示待测；1表示编译出错；2表示运行出错；3表示运行ok',
  PRIMARY KEY (`solution_id`),
  KEY `p_id` (`problem_id`),
  KEY `f_run_test_id` (`quizid`),
  KEY `f_run_user_id` (`user_id`)
) ENGINE=InnoDB DEFAULT CHARSET=utf8 COMMENT='这个是用来记录用户的编程的信息';

-- ----------------------------
-- Records of solution_run
-- ----------------------------

-- ----------------------------
-- Table structure for `tag`
-- ----------------------------
DROP TABLE IF EXISTS `tag`;
CREATE TABLE `tag` (
  `tagid` int(11) NOT NULL AUTO_INCREMENT,
  `context` text COMMENT '内tag容',
  PRIMARY KEY (`tagid`)
) ENGINE=InnoDB AUTO_INCREMENT=17 DEFAULT CHARSET=utf8 COMMENT='标签的表';

-- ----------------------------
-- Records of tag
-- ----------------------------
INSERT INTO `tag` VALUES ('1', '测试');
INSERT INTO `tag` VALUES ('2', '水货');
INSERT INTO `tag` VALUES ('3', '选择题');
INSERT INTO `tag` VALUES ('4', 'yj');
INSERT INTO `tag` VALUES ('5', 'test');
INSERT INTO `tag` VALUES ('6', 'hhg');
INSERT INTO `tag` VALUES ('7', 'fff');
INSERT INTO `tag` VALUES ('8', 'dd');
INSERT INTO `tag` VALUES ('9', 'ss');
INSERT INTO `tag` VALUES ('10', 'gg');
INSERT INTO `tag` VALUES ('11', 'hh');
INSERT INTO `tag` VALUES ('12', 'dd&hh');
INSERT INTO `tag` VALUES ('13', '');
INSERT INTO `tag` VALUES ('14', 'rrr');
INSERT INTO `tag` VALUES ('15', 'eee');
INSERT INTO `tag` VALUES ('16', 'er');

-- ----------------------------
-- Table structure for `tagproblem`
-- ----------------------------
DROP TABLE IF EXISTS `tagproblem`;
CREATE TABLE `tagproblem` (
  `tpid` int(11) NOT NULL AUTO_INCREMENT COMMENT 'tag和problem的关联表',
  `tagid` int(11) NOT NULL,
  `problemid` int(11) NOT NULL,
  PRIMARY KEY (`tpid`)
) ENGINE=InnoDB AUTO_INCREMENT=48 DEFAULT CHARSET=utf8 COMMENT='tag和problem的关联表';

-- ----------------------------
-- Records of tagproblem
-- ----------------------------
INSERT INTO `tagproblem` VALUES ('46', '5', '33');
INSERT INTO `tagproblem` VALUES ('47', '5', '34');

-- ----------------------------
-- Table structure for `user`
-- ----------------------------
DROP TABLE IF EXISTS `user`;
CREATE TABLE `user` (
  `uid` int(11) NOT NULL AUTO_INCREMENT COMMENT '这个是用户的id\r\n用户角色包括\r\n1：被测试的用户\r\n2：hr\r\n3：网站管理员\r\n4：系统管理员',
  `fname` text COMMENT '这个是first name',
  `lname` text COMMENT '这个是last name',
  `email` text NOT NULL COMMENT 'email',
  `company` text,
  `privilege` int(11) NOT NULL DEFAULT '2' COMMENT '特权级别',
  `pwd` text,
  `link` text,
  `age` text,
  `degree` text,
  `school` text,
  `register_date` datetime DEFAULT NULL COMMENT '注册日期',
  `last_login_date` datetime DEFAULT NULL COMMENT '上次登录日期',
  `invited_left` int(11) NOT NULL DEFAULT '0' COMMENT '这个是还剩余多少邀请次数',
  `invited_num` int(11) NOT NULL DEFAULT '0' COMMENT '这个是已经邀请的人数',
  `state` int(11) NOT NULL DEFAULT '1' COMMENT '1表示活着的，0表示死掉了，默认为1',
  `tel` text NOT NULL,
  PRIMARY KEY (`uid`)
) ENGINE=InnoDB AUTO_INCREMENT=23 DEFAULT CHARSET=utf8 COMMENT='这个是用户表';

-- ----------------------------
-- Records of user
-- ----------------------------
INSERT INTO `user` VALUES ('1', 'admin', 'admin', 'xx@qq.com', 'zpl', '2', null, null, null, null, null, '2014-06-26 21:28:03', null, '0', '0', '1', '');
INSERT INTO `user` VALUES ('3', 'ss', 'no value', '524510356@qq.com', 'QQ', '3', 'zpl', 'no value', 'no value', 'no value', 'no value', '2014-06-29 18:36:15', '2014-07-12 17:39:08', '97', '1', '1', '188888888');
INSERT INTO `user` VALUES ('4', 'atom', 'no value', '524510356@gmail.com', 'xxoo', '2', 'dhsyd7623', 'no value', 'no value', 'no value', 'no value', '2014-06-30 10:43:32', '2014-06-30 10:43:32', '0', '0', '1', '23232323232');
INSERT INTO `user` VALUES ('18', 'liu1', 'zheng', 'liuzheng712@gmail.com', 'no value', '3', 'eb6efe717485bd28fb98f89b3d924725', 'no value', 'no value', 'no value', 'no value', '2014-07-02 16:15:42', '2014-07-02 16:15:42', '999', '0', '1', '123232323');
INSERT INTO `user` VALUES ('19', 'liu1', 'zheng', '524510356@ss.com', 'no value', '1', '7DE125139D33F97FB8DB63CD6F55E942', 'no value', 'no value', 'no value', 'no value', '2014-07-02 16:31:12', '2014-07-02 16:31:12', '0', '0', '1', '123232323');
INSERT INTO `user` VALUES ('20', null, 'no value', 'test4test@qq.com', 'no value', '2', 'zplzplzpl', 'no value', 'no value', 'no value', 'no value', '2014-07-08 21:25:44', '2014-07-08 21:25:44', '0', '0', '1', 'no value');
INSERT INTO `user` VALUES ('21', null, 'no value', 'ttt@qq.com', 'no value', '2', '5a190b68893cef8c888a9f72df07b361', 'no value', 'no value', 'no value', 'no value', '2014-07-08 21:32:57', '2014-07-08 21:51:44', '0', '0', '1', 'no value');
INSERT INTO `user` VALUES ('22', null, 'no value', '294384672@qq.com', 'no value', '2', 'b250e1a65dfaa13e65f58b7adbed3ec4', 'no value', 'no value', 'no value', 'no value', '2014-07-13 09:36:52', '2014-07-18 22:46:45', '0', '0', '1', 'no value');

-- ----------------------------
-- Table structure for `user_role`
-- ----------------------------
DROP TABLE IF EXISTS `user_role`;
CREATE TABLE `user_role` (
  `ruid` int(11) NOT NULL AUTO_INCREMENT,
  `uid` int(11) DEFAULT NULL COMMENT '用户id',
  `roleid` int(11) DEFAULT NULL COMMENT '角色id',
  PRIMARY KEY (`ruid`)
) ENGINE=InnoDB DEFAULT CHARSET=utf8 COMMENT='这个是user和role关系表';

-- ----------------------------
-- Records of user_role
-- ----------------------------

-- ----------------------------
-- Table structure for `user_test_case`
-- ----------------------------
DROP TABLE IF EXISTS `user_test_case`;
CREATE TABLE `user_test_case` (
  `test_case_id` int(11) NOT NULL AUTO_INCREMENT,
  `solution_id` int(11) DEFAULT NULL,
  `excepted_res` text,
  `args` text,
  PRIMARY KEY (`test_case_id`),
  KEY `F_user_test_solution` (`solution_id`)
) ENGINE=InnoDB DEFAULT CHARSET=utf8 COMMENT='用户编程的时候自定义测试用例';

-- ----------------------------
-- Records of user_test_case
-- ----------------------------

-- ----------------------------
-- Table structure for `schools`
-- ----------------------------
DROP TABLE IF EXISTS `schools`;
CREATE TABLE `schools` (
  `id` int(10) NOT NULL AUTO_INCREMENT,
  `code` int(10) NOT NULL COMMENT '学校代码',
  `name` varchar(255) NOT NULL COMMENT '汉字名称',
  `pinyin` varchar(255) DEFAULT NULL COMMENT '拼音名称',
  `alp` varchar(255) DEFAULT NULL COMMENT '拼音首字母缩写',
  PRIMARY KEY (`id`)
) ENGINE=InnoDB AUTO_INCREMENT=3390 DEFAULT CHARSET=utf8;

-- ----------------------------
-- Records of schools
-- ----------------------------
INSERT INTO `schools` VALUES ('1', '1001', '清华大学', '', ''),('2', '1002', '北京大学', '', ''),('3', '1003', '中国人民大学', '', ''),('4', '1004', '北京航空航天大学', '', ''),('5', '1005', '北京邮电大学', '', ''),('6', '1006', '北京师范大学', '', ''),('7', '1007', '中国传媒大学', '', ''),('8', '1008', '北京语言大学', '', ''),('9', '1009', '北京科技大学', '', ''),('10', '1010', '中国农业大学', '', ''),('11', '1011', '北京理工大学', '', ''),('12', '1012', '北京林业大学', '', ''),('13', '1013', '北京交通大学', '', ''),('14', '1014', '中国矿业大学（北京）', '', ''),('15', '1015', '北京信息科技大学', '', ''),('16', '1016', '北京工业大学', '', ''),('17', '1017', '北京化工大学', '', ''),('18', '1018', '中国政法大学', '', ''),('19', '1019', '对外经贸大学', '', ''),('20', '1020', '中央民族大学', '', ''),('21', '1021', '中国地质大学（北京）', '', ''),('22', '1022', '中国科学院大学', '', ''),('23', '1023', '北京中医药大学', '', ''),('24', '1024', '首都经济贸易大学', '', ''),('25', '1025', '中央财经大学', '', ''),('26', '1026', '北方工业大学', '', ''),('27', '1027', '中国石油大学（北京）', '', ''),('28', '1028', '外交学院', '', ''),('29', '1029', '首都师范大学', '', ''),('30', '1030', '中央戏剧学院', '', ''),('31', '1031', '中国青年政治学院', '', ''),('32', '1032', '北京外国语大学', '', ''),('33', '1033', '华北电力大学（北京）', '', ''),('34', '1034', '中国人民公安大学', '', ''),('35', '1035', '北京协和医学院', '', ''),('36', '1036', '北京体育大学', '', ''),('37', '1037', '北京工商大学', '', ''),('38', '1038', '北京联合大学', '', ''),('39', '1039', '首都医科大学', '', ''),('40', '1040', '国际关系学院', '', ''),('41', '1041', '中央美术学院', '', ''),('42', '1042', '北京电子科技学院', '', ''),('43', '1043', '中国劳动关系学院', '', ''),('44', '1044', '中华女子学院', '', ''),('45', '1045', '北京建筑大学', '', ''),('46', '1046', '北京印刷学院', '', ''),('47', '1047', '北京石油化工学院', '', ''),('48', '1048', '首钢工学院', '', ''),('49', '1049', '北京农学院', '', ''),('50', '1050', '首都体育学院', '', ''),('51', '1051', '北京第二外国语学院', '', ''),('52', '1052', '北京物资学院', '', ''),('53', '1053', '北京警察学院', '', ''),('54', '1054', '中央音乐学院', '', ''),('55', '1055', '中国戏曲学院', '', ''),('56', '1056', '北京舞蹈学院', '', ''),('57', '1057', '北京城市学院', '', ''),('58', '1058', '北京电影学院', '', ''),('59', '1059', '北京服装学院', '', ''),('60', '1060', '青岛教育学院', '', ''),('61', '1061', '北京体育职业学院', '', ''),('62', '1062', '中国人民解放军装甲兵工程学院', '', ''),('63', '1067', '中国石油勘探开发研究院', '', ''),('64', '1068', '北京生命科学研究所', '', ''),('65', '1069', '中国电影资料馆', '', ''),('66', '1070', '北京工商大学嘉华学院', '', ''),('67', '1071', '首都师范大学科德学院', '', ''),('68', '1072', '北京工业大学耿丹学院', '', ''),('69', '1074', '北京联合大学广告学院', '', ''),('70', '1075', '北京邮电大学世纪学院', '', ''),('71', '1076', '北京国际商务学院', '', ''),('72', '1078', '中国林业科学研究院', '', ''),('73', '1079', '北京航空材料研究院', '', ''),('74', '1080', '北京京海研修学院', '', ''),('75', '1081', '北京高等电力专科学校', '', ''),('76', '1082', '中国空间技术研究院', '', ''),('77', '1083', '北京企业管理研修学院 ', '', ''),('78', '1084', '现代软件学院', '', ''),('79', '1085', '国家检察官学院', '', ''),('80', '1086', '中国中医科学院', '', ''),('81', '1087', '北京国家会计学院', '', ''),('82', '1088', '北京华夏管理学院', '', ''),('83', '1089', '中日友好临床医学研究所', '', ''),('84', '1090', '北京京城学院', '', ''),('85', '1091', '长江商学院', '', ''),('86', '1092', '中国水利水电科学研究院', '', ''),('87', '1093', '中国国际经济学院', '', ''),('88', '1094', '北京卫生职业学院', '', ''),('89', '1095', '北京市农工商联合总公司职工大学', '', ''),('90', '1096', '北京艺术传媒职业学院 ', '', ''),('91', '1097', '公安部管理干部学院', '', ''),('92', '1098', '华北电业联合职工大学', '', ''),('93', '1099', '民航管理干部学院', '', ''),('94', '1100', '中国记协职工新闻学院', '', ''),('95', '1101', '北京大学医学部', '', ''),('96', '1102', '北京政法职业学院', '', ''),('97', '1103', '北京信息职业技术学院', '', ''),('98', '1104', '北京现代职业技术学院', '', ''),('99', '1105', '北京现代音乐研修学院', '', ''),('100', '1106', '北京戏曲艺术职业学院', '', ''),('101', '1107', '北京锡华国际经贸职业学院', '', ''),('102', '1108', '北京盛基艺术学校', '', ''),('103', '1109', '北京培黎职业学院', '', ''),('104', '1110', '北京农业职业学院', '', ''),('105', '1111', '北京科技职业学院', '', ''),('106', '1112', '北京科技经营管理学院', '', ''),('107', '1113', '北京经贸职业学院', '', ''),('108', '1114', '北京经济技术职业学院', '', ''),('109', '1115', '北京京北职业技术学院', '', ''),('110', '1116', '北京交通职业技术学院', '', ''),('111', '1117', '北京吉利大学', '', ''),('112', '1118', '北京汇佳职业学院', '', ''),('113', '1119', '北京工业职业技术学院', '', ''),('114', '1120', '北京工商管理专修学院', '', ''),('115', '1121', '北京电子科技职业学院', '', ''),('116', '1122', '北京财贸职业学院', '', ''),('117', '1123', '北京北大方正软件技术学院', '', ''),('118', '1124', '北大资源美术学院', '', ''),('119', '1125', '北京人文大学', '', ''),('120', '1126', '北京高等秘书学院', '', ''),('121', '1127', '北京应用技术大学', '', ''),('122', '1128', '中国防卫科技学院', '', ''),('123', '1129', '中国音乐学院', '', ''),('124', '1130', '中国信息大学', '', ''),('125', '1131', '北京青年政治学院', '', ''),('126', '1132', '北京财经专修学院', '', ''),('127', '1133', '北京经济管理职业学院', '', ''),('128', '1134', '北京美国英语语言学院', '', ''),('129', '1135', '中国管理软件学院', '', ''),('130', '1136', '财政部财政科学研究所', '', ''),('131', '1137', '北大资源学院', '', ''),('132', '1138', '现代管理大学', '', ''),('133', '1139', '北京民族大学', '', ''),('134', '1140', '北京市劳动保障职业学院', '', ''),('135', '1141', '北京市建设职工大学', '', ''),('136', '1142', '北京市房地产职工大学', '', ''),('137', '1143', '北京市汽车工业总公司职工大学', '', ''),('138', '1144', '北京市西城经济科学大学', '', ''),('139', '1145', '北京市丰台区职工大学', '', ''),('140', '1146', '北京广播电视大学', '', ''),('141', '1147', '北京教育学院', '', ''),('142', '1148', '北京市东城区职工业余大学', '', ''),('143', '1149', '北京市总工会职工大学', '', ''),('144', '1150', '北京市海淀区职工大学', '', ''),('145', '1151', '北京市崇文区职工大学', '', ''),('146', '1152', '北京宣武红旗业余大学', '', ''),('147', '1153', '北京市石景山区业余大学', '', ''),('148', '1154', '北京市朝阳区职工大学', '', ''),('149', '1155', '北京市机械工业局职工大学', '', ''),('150', '1156', '北京医药集团职工大学', '', ''),('151', '1157', '北京劳动保障职业学院', '', ''),('152', '1158', '北京社会管理职业学院', '', ''),('153', '1159', '中南海业余大学', '', ''),('154', '1160', '北京演艺专修学院', '', ''),('155', '1161', '北京兴华大学', '', ''),('156', '1162', '北京新园明职业学院', '', ''),('157', '1163', '中央党校研究生院', '', ''),('158', '1164', '中国社科院', '', ''),('159', '1165', '北京旅游专修学院', '', ''),('160', '1166', '东方文化艺术学院', '', ''),('161', '1167', '首都联合职工大学', '', ''),('162', '1168', '中国农业科学院', '', ''),('163', '1169', '北京影视研修学院', '', ''),('164', '1170', '国家法官学院', '', ''),('165', '1171', '北京建设大学', '', ''),('166', '1172', '北京金融学院', '', ''),('167', '1173', '北京黄埔大学', '', ''),('168', '1174', '中瑞酒店管理学院', '', ''),('169', '1175', '中国建筑设计研究院', '', ''),('170', '1176', '北京文理研修学院', '', ''),('171', '1177', '北京当代艺术学院', '', ''),('172', '1178', '北京大学国际法学院', '', ''),('173', '1179', '北京交通运输职业学院', '', ''),('174', '1180', '中国艺术研究院', '', ''),('175', '1181', '北京工业大学通州分校', '', ''),('176', '1182', '北京八维研修学院', '', ''),('177', '1183', '中央党校继续教育学院', '', ''),('178', '1184', '中央广播电视大学', '', ''),('179', '1185', '门头沟区委党校', '', ''),('180', '1186', '电信科学技术研究院', '', ''),('181', '1187', '首都经济贸易大学密云分校 ', '', ''),('182', '1188', '北京有色金属研究总院研究生部', '', ''),('183', '1189', '国家行政学院', '', ''),('184', '1191', '北京交通管理干部学院', '', ''),('185', '1192', '中共北京市委党校（北京行政学院）', '', ''),('186', '1193', '中国疾病预防控制中心', '', ''),('187', '1194', '中国舰船研究院', '', ''),('188', '1195', '空军指挥学院', '', ''),('189', '1196', '北京大学国家发展研究院', '', ''),('190', '1197', '解放军医学院', '', ''),('191', '1199', '中国社会科学院研究生院', '', ''),('192', '1202', '中国铁道科学研究院 ', '', ''),('193', '1999', '朝阳二外', '', ''),('194', '2000', '中北国际演艺学校', '', '');
INSERT INTO `schools` VALUES ('195', '2001', '复旦大学', '', ''),('196', '2002', '上海交通大学', '', ''),('197', '2003', '同济大学', '', ''),('198', '2004', '华东师大', '', ''),('199', '2005', '上海财经大学', '', ''),('200', '2006', '华东理工', '', ''),('201', '2007', '上海商学院', '', ''),('202', '2008', '东华大学', '', ''),('203', '2009', '上海理工', '', ''),('204', '2010', '上海大学', '', ''),('205', '2011', '上海外国语大学', '', ''),('206', '2012', '上海海事', '', ''),('207', '2013', '上海工程', '', ''),('208', '2014', '上海海洋大学', '', ''),('209', '2015', '上海中医药', '', ''),('210', '2016', '上海师大', '', ''),('211', '2017', '建桥学院', '', ''),('212', '2018', '上海政法', '', ''),('213', '2019', '上海电机', '', ''),('214', '2020', '上海第二工业大学', '', ''),('215', '2021', '上海应用技术学院', '', ''),('216', '2022', '上海电力', '', ''),('217', '2023', '上海外贸', '', ''),('218', '2024', '上海金融', '', ''),('219', '2025', '上海立信会计学院', '', ''),('220', '2026', '上海体育学院', '', ''),('221', '2027', '上海音乐学院', '', ''),('222', '2028', '上海戏剧学院', '', ''),('223', '2029', '杉达学院', '', ''),('224', '2030', '华东政法大学', '', ''),('225', '2031', '上海师范大学青年学院&nbsp;', '', ''),('226', '2032', '中法艾菲服装设计师学院', '', ''),('227', '2033', '上海市计算技术研究所', '', ''),('228', '2034', '上海国家会计学院', '', ''),('229', '2035', '上外贤达经济人文学院', '', ''),('230', '2036', '同济大学同科学院', '', ''),('231', '2037', '上海师范大学天华学院', '', ''),('232', '2038', '上海东方文化职业学院', '', ''),('233', '2039', '上海工商学院', '', ''),('234', '2040', '上海高级金融学院', '', ''),('235', '2041', '上海民航职业技术学院', '', ''),('236', '2042', '上海新江学院', '', ''),('237', '2043', '中科院上海微系统与信息技术研究所', '', ''),('238', '2044', '上海中博专修学院', '', ''),('239', '2045', '上海市宝山区业余大学', '', ''),('240', '2046', '第二军医大学', '', ''),('241', '2047', '上海纽约大学', '', ''),('242', '2048', '上海应用技术学院泰尔弗国际商学院', '', ''),('243', '2049', '上海科技大学', '', ''),('244', '2050', '上海交通大学医学院', '', ''),('245', '2051', '中国科学院上海光学精密机械研究所', '', ''),('246', '2102', '上海视觉艺术学院', '', ''),('247', '2103', '复旦大学上海医学院', '', ''),('248', '2104', '复旦大学太平洋金融学院', '', ''),('249', '2105', '上海邦德职业技术学院', '', ''),('250', '2106', '上海诚信学院', '', ''),('251', '2107', '上海城市管理职业技术学院', '', ''),('252', '2108', '上海出版印刷高等专科学校', '', ''),('253', '2109', '上海电影艺术职业学院', '', ''),('254', '2110', '上海电子信息职业技术学院', '', ''),('255', '2111', '上海东海职业技术学院', '', ''),('256', '2112', '上海工会管理职业学院', '', ''),('257', '2113', '上海工商外国语学院', '', ''),('258', '2115', '上海工艺美术职业学院', '', ''),('259', '2116', '上海公安高等专科学校', '', ''),('260', '2117', '上海海关学院', '', ''),('261', '2118', '上海海事职业技术学院', '', ''),('262', '2119', '上海济光职业技术学院', '', ''),('263', '2120', '上海建峰职业技术学院', '', ''),('264', '2121', '上海交通职业技术学院', '', ''),('265', '2122', '上海科学技术职业学院', '', ''),('266', '2123', '上海立达职业技术学院', '', ''),('267', '2124', '上海旅游高等专科学校', '', ''),('268', '2125', '上海民远职业技术学院', '', ''),('269', '2126', '上海农林职业技术学院', '', ''),('270', '2127', '上海欧华职业技术学院', '', ''),('271', '2128', '上海思博职业技术学院', '', ''),('272', '2129', '上海兴伟学院', '', ''),('273', '2130', '上海新侨职业技术学院', '', ''),('274', '2131', '上海行健职业学院', '', ''),('275', '2132', '上海医疗器械高等专科学校', '', ''),('276', '2133', '上海医药高等专科学校', '', ''),('277', '2135', '上海震旦职业学院', '', ''),('278', '2136', '上海中华职业技术学院', '', ''),('279', '2137', '上海中侨职业技术学院', '', ''),('280', '2138', '上海纺织工业职工大学', '', ''),('281', '2139', '上海体育职业学院', '', ''),('282', '2140', '上海医药职工大学', '', ''),('283', '2141', '上海电视大学', '', ''),('284', '2142', '上海健康职业技术学院', '', ''),('285', '2143', '上海职工体育运动技术学院', '', ''),('286', '2145', '华东理工大学网络教育学院', '', ''),('287', '2146', '上海市经济管理干部学院', '', ''),('288', '2147', '上海社会科学院', '', ''),('289', '2148', '上海大学艺术研究院', '', ''),('290', '2149', '中国科学院上海生命科学研究院', '', ''),('291', '2155', '上海生物制品研究所', '', ''),('292', '2160', '上海行政学院', '', ''),('293', '2164', '拉萨尔国际设计学院', '', ''),('294', '2167', '上海青年管理干部学院', '', ''),('295', '2168', '上海鸿文职业技术学院', '', ''),('296', '2169', '上海大学巴士汽车学院', '', '');
INSERT INTO `schools` VALUES ('297', '3001', '哈尔滨工业大学', '', ''),('298', '3002', '哈尔滨工程大学', '', ''),('299', '3003', '东北林大', '', ''),('300', '3004', '东北农业大学', '', ''),('301', '3005', '哈尔滨医科大学', '', ''),('302', '3007', '黑工程', '', ''),('303', '3008', '黑龙江科技大学', '', ''),('304', '3009', '哈尔滨学院', '', ''),('305', '3010', '哈尔滨体院', '', ''),('306', '3011', '东方学院', '', ''),('307', '3012', '黑龙江大学', '', ''),('308', '3013', '哈尔滨商业大学', '', ''),('309', '3014', '哈尔滨师范大学', '', ''),('310', '3015', '哈尔滨理工大学', '', ''),('311', '3016', '黑龙江技师学院', '', ''),('312', '3017', '黑龙江省护理高等专科学校', '', ''),('313', '3018', '哈尔滨师范大学七台河分校', '', ''),('314', '3019', '黑龙江农垦科技学院', '', ''),('315', '3020', '哈尔滨剑桥学院', '', ''),('316', '3021', '黑龙江国际商务学院', '', ''),('317', '3022', '黑龙江省民盟职业大学', '', ''),('318', '3023', '黑龙江省商业职工大学', '', ''),('319', '3024', '哈尔滨医科大学(大庆)', '', ''),('320', '3026', '黑龙江农垦管理干部学院', '', ''),('321', '3027', '齐齐哈尔理工职业学院', '', ''),('322', '3028', '哈尔滨政法专修学院', '', ''),('323', '3029', '黑龙江省科学院', '', ''),('324', '3051', '佳木斯大学', '', ''),('325', '3101', '齐齐哈尔大学', '', ''),('326', '3102', '齐齐哈尔医学院', '', ''),('327', '3151', '黑龙江八一农垦大学', '', ''),('328', '3152', '东北石油大学', '', ''),('329', '3153', '大庆师范学院', '', ''),('330', '3201', '牡丹江医学院', '', ''),('331', '3202', '牡丹江师范', '', ''),('332', '3251', '绥化学院', '', ''),('333', '3301', '黑河学院', '', ''),('334', '3401', '大庆医学高等专科学校', '', ''),('335', '3402', '大庆职业学院', '', ''),('336', '3403', '大兴安岭职业学院', '', ''),('337', '3404', '哈尔滨电力职业技术学院', '', ''),('338', '3405', '哈尔滨华夏计算机职业技术学院', '', ''),('339', '3406', '哈尔滨金融学院', '', ''),('340', '3407', '哈尔滨铁道职业技术学院', '', ''),('341', '3408', '哈尔滨传媒职业学院', '', ''),('342', '3409', '哈尔滨职业技术学院', '', ''),('343', '3410', '鹤岗师范高等专科学校', '', ''),('344', '3411', '哈尔滨江南职业技术学院', '', ''),('345', '3412', '黑龙江职业学院', '', ''),('346', '3413', '黑龙江公安警官职业学院', '', ''),('347', '3414', '黑龙江建筑职业技术学院', '', ''),('348', '3416', '黑龙江旅游职业技术学院', '', ''),('349', '3417', '黑龙江煤炭职业技术学院', '', ''),('350', '3418', '黑龙江民族职业学院', '', ''),('351', '3419', '黑龙江农垦林业职业技术学院', '', ''),('352', '3420', '黑龙江农垦科技职业学院', '', ''),('353', '3421', '黑龙江农垦职业学院', '', ''),('354', '3422', '黑龙江农业工程职业学院', '', ''),('355', '3423', '黑龙江农业经济职业学院', '', ''),('356', '3425', '黑龙江三江美术职业学院', '', ''),('357', '3426', '黑龙江商业职业学院', '', ''),('358', '3427', '黑龙江生态工程职业学院', '', ''),('359', '3428', '黑龙江生物科技职业学院', '', ''),('360', '3429', '黑龙江司法警官职业学院', '', ''),('361', '3430', '黑龙江信息技术职业学院', '', ''),('362', '3431', '黑龙江职业学院第二校区', '', ''),('363', '3432', '黑龙江艺术职业学院', '', ''),('364', '3433', '黑龙江工业学院', '', ''),('365', '3434', '牡丹江大学', '', ''),('366', '3435', '七台河职业学院', '', ''),('367', '3436', '齐齐哈尔高等师范专科学校', '', ''),('368', '3437', '齐齐哈尔工程学院', '', ''),('369', '3438', '伊春职业学院', '', ''),('370', '3439', '哈尔滨师范大学阿城学院', '', ''),('371', '3441', '黑龙江省政法管理干部学院', '', ''),('372', '3442', '黑龙江交通职业技术学院', '', ''),('373', '3443', '哈尔滨应用职业技术学院', '', ''),('374', '3501', '黑龙江省教育学院', '', ''),('375', '3502', '哈尔滨远东理工学院', '', ''),('376', '3503', '哈尔滨师范大学呼兰学院', '', ''),('377', '3516', '黑龙江外国语学院', '', ''),('378', '3518', '哈尔滨石油学院', '', ''),('379', '3519', '东北农业大学成栋学院', '', ''),('380', '3521', '黑龙江大学剑桥学院', '', ''),('381', '3522', '哈尔滨广厦学院', '', ''),('382', '3523', '哈尔滨华德学院', '', ''),('383', '3525', '哈尔滨市职工医学院', '', ''),('384', '3527', '佳木斯大学继续教育学院', '', ''),('385', '3529', '黑龙江幼儿师范高等专科学校', '', ''),('386', '3530', '哈尔滨外国语学院', '', ''),('387', '3533', '哈尔滨科学技术职业学院', '', ''),('388', '3534', '黑龙江粮食职业学院　　', '', ''),('389', '3535', '佳木斯职业学院', '', ''),('390', '3536', '黑龙江广播电视大学', '', ''),('391', '3537', '哈尔滨广播电视大学', '', ''),('392', '3538', '黑龙江大鹏传媒学院', '', ''),('393', '3539', '鸡西市北方外国语学院', '', ''),('394', '3540', '牡丹江市精英计算机学院', '', ''),('395', '3542', '黑龙江中医药大学', '', ''),('396', '3543', '黑龙江省齐齐哈尔林业学校', '', ''),('397', '3544', '齐齐哈尔林业学院', '', ''),('398', '3545', '黑龙江生态职业学院', '', ''),('399', '3546', '哈尔滨阳光计算机专修学校', '', ''),('400', '3547', '齐齐哈尔市卫生学校', '', ''),('401', '3548', '伟建工学院', '', ''),('402', '3549', '诚实外语学院（肇庆分院）', '', ''),('403', '3550', '黑龙江省畜牧职业学院', '', ''),('404', '3551', '黑龙江财经学院', '', ''),('405', '3552', '黑龙江现代艺术学院', '', ''),('406', '3553', '黑龙江省对外贸易学校', '', ''),('407', '3554', '哈尔滨市幼儿师范学校', '', ''),('408', '3555', '黑龙江省社会科学院研究生部', '', ''),('409', '16854', '哈理工荣成校区', '', '');
INSERT INTO `schools` VALUES ('410', '4001', '吉林大学', '', ''),('411', '4002', '东北师范大学', '', ''),('412', '4003', '长春大学', '', ''),('413', '4004', '吉林农大', '', ''),('414', '4005', '长春中医药', '', ''),('415', '4006', '东北电力大学', '', ''),('416', '4007', '吉林化工', '', ''),('417', '4008', '吉林建筑大学', '', ''),('418', '4009', '长春工程学院', '', ''),('419', '4010', '长春师范大学', '', ''),('420', '4011', '吉林工程师范', '', ''),('421', '4012', '吉林华桥外国语学院', '', ''),('422', '4013', '吉林财经大学', '', ''),('423', '4014', '吉林体院', '', ''),('424', '4015', '吉林艺术学院', '', ''),('425', '4016', '长春工业大学', '', ''),('426', '4017', '长春理工大学', '', ''),('427', '4018', '吉林俄语学院', '', ''),('428', '4020', '吉林财经信息经济学院', '', ''),('429', '4021', '延边职业技术学院', '', ''),('430', '4022', '吉林广播电视大学桦甸分校', '', ''),('431', '4024', '吉林粮食高等专科学校', '', ''),('432', '4025', '吉林工商学院-西安校区', '', ''),('433', '4026', '吉林工商学院-卡伦校区', '', ''),('434', '4051', '延边大学', '', ''),('435', '4101', '北华大学', '', ''),('436', '4102', '吉林农业科技学院', '', ''),('437', '4103', '吉林医药学院', '', ''),('438', '4151', '吉林师范', '', ''),('439', '4201', '白城师范学院', '', ''),('440', '4251', '通化师范学院', '', ''),('441', '4301', '白城医学高等专科学校', '', ''),('442', '4302', '长春东方职业学院', '', ''),('443', '4303', '长春金融高等专科学校', '', ''),('444', '4304', '长春汽车工业高等专科学校', '', ''),('445', '4305', '长春信息技术职业学院', '', ''),('446', '4306', '长春医学高等专科学校', '', ''),('447', '4307', '长春职业技术学院', '', ''),('448', '4308', '东北师范大学人文学院', '', ''),('449', '4310', '吉林大学—莱姆顿学院', '', ''),('450', '4311', '吉林电子信息职业技术学院', '', ''),('451', '4312', '吉林对外经贸职业学院', '', ''),('452', '4313', '吉林工业职业技术学院', '', ''),('453', '4315', '吉林交通职业技术学院', '', ''),('454', '4317', '吉林农业工程职业技术学院', '', ''),('455', '4319', '吉林司法警官职业学院', '', ''),('456', '4320', '辽源职业技术学院', '', ''),('457', '4321', '四平职业大学', '', ''),('458', '4322', '松原职业技术学院', '', ''),('459', '4323', '吉林省教育学院', '', ''),('460', '4324', '吉林经济管理干部学院', '', ''),('461', '4325', '长春光华学院', '', ''),('462', '4326', '长春大学旅游学院', '', ''),('463', '4327', '长春工业大学人文信息学院', '', ''),('464', '4328', '吉林动画学院', '', ''),('465', '4329', '长春理工大学光电信息学院', '', ''),('466', '4330', '吉林财经大学信息经济学院', '', ''),('467', '4331', '长春科技学院', '', ''),('468', '4332', '吉林师范大学博达学院', '', ''),('469', '4333', '吉林铁道职业技术学院', '', ''),('470', '4334', '白城职业技术学院', '', ''),('471', '4335', '长春建筑学院', '', ''),('472', '4336', '吉林建筑大学城建学院', '', ''),('473', '4337', '通化市职工大学', '', ''),('474', '4338', '通化钢铁公司职工大学', '', ''),('475', '4340', '吉林广播电视大学', '', ''),('476', '4341', '长春教育学院', '', ''),('477', '4343', '梨树农村成人高等专科学校', '', ''),('478', '4344', '延边黎明农民大学', '', ''),('479', '4345', '吉林职工医科大学', '', ''),('480', '4346', '吉林省行政管理干部学院', '', ''),('481', '4347', '吉林化学工业公司职工大学', '', ''),('482', '4348', '延边职工大学', '', ''),('483', '4349', '长春职工医科大学', '', ''),('484', '4350', '长春市直属机关业余大学', '', ''),('485', '4351', '长春市建筑职工业余大学', '', ''),('486', '4352', '长春职工大学', '', ''),('487', '4353', '长春广播电视大学', '', ''),('488', '4354', '长白山职业技术学院', '', ''),('489', '4357', '吉林科技职业技术学院', '', ''),('490', '4363', '长春艺术学校', '', ''),('491', '4364', '吉林警察学院', '', ''),('492', '5502', '吉林大学工商管理学院', '', '');
INSERT INTO `schools` VALUES ('493', '5001', '大连理工', '', ''),('494', '5002', '东北大学', '', ''),('495', '5003', '辽宁大学', '', ''),('496', '5004', '大连海事', '', ''),('497', '5005', '东北财经', '', ''),('498', '5006', '大连大学', '', ''),('499', '5007', '大连交大', '', ''),('500', '5008', '大连医大', '', ''),('501', '5009', '辽宁师大', '', ''),('502', '5010', '大连民族', '', ''),('503', '5011', '大连工大', '', ''),('504', '5012', '大连海洋大学', '', ''),('505', '5013', '大连外国语大学', '', ''),('506', '5014', '辽宁外经贸', '', ''),('507', '5015', '辽宁现代服务职业技术学院', '', ''),('508', '5016', '铁岭卫生职业学院', '', ''),('509', '5017', '辽宁工程职业学院', '', ''),('510', '5018', '中共辽宁省委党校研究生部', '', ''),('511', '5019', '大连港务专修学院', '', ''),('512', '5020', '辽宁科技大学（营口大学园）', '', ''),('513', '5021', '大连汽车职业技术学院', '', ''),('514', '5022', '辽宁理工职业学院', '', ''),('515', '5023', '大连财经学院', '', ''),('516', '5024', '中国科学院金属研究所', '', ''),('517', '5025', '辽宁民族师范高等专科学校', '', ''),('518', '5026', '辽宁轻工职业学院', '', ''),('519', '5027', '辽宁轨道交通职业学院', '', ''),('520', '5028', '营口理工学院', '', ''),('521', '5029', '鲁迅美术学院（大连校区）', '', ''),('522', '5051', '沈阳大学', '', ''),('523', '5052', '沈阳理工', '', ''),('524', '5053', '沈阳工大', '', ''),('525', '5054', '沈阳建筑', '', ''),('526', '5055', '沈阳农大', '', ''),('527', '5056', '辽宁中医药', '', ''),('528', '5057', '沈阳药科', '', ''),('529', '5058', '沈阳师范大学', '', ''),('530', '5059', '中国刑警学院', '', ''),('531', '5060', '沈阳化工', '', ''),('532', '5061', '沈阳航空航天大学', '', ''),('533', '5062', '沈阳工程', '', ''),('534', '5063', '沈阳医学院', '', ''),('535', '5064', '沈阳体院', '', ''),('536', '5066', '沈阳音乐学院', '', ''),('537', '5067', '中国医科大', '', ''),('538', '5101', '辽宁工程技术大学', '', ''),('539', '5151', '辽宁石化', '', ''),('540', '5202', '鞍山师范学院', '', ''),('541', '5251', '渤海大学', '', ''),('542', '5252', '辽宁工业大学', '', ''),('543', '5253', '辽宁医学院', '', ''),('544', '5301', '辽宁科技学院', '', ''),('545', '5351', '辽东学院', '', ''),('546', '5401', '鞍山市高等职业专科学校', '', ''),('547', '5402', '渤海船舶职业学院', '', ''),('548', '5403', '渤海大学文理学院', '', ''),('549', '5404', '朝阳师范高等专科学校', '', ''),('550', '5405', '大连东软信息学院', '', ''),('551', '5406', '大连翻译职业技术学院', '', ''),('552', '5407', '大连枫叶职业技术学院', '', ''),('553', '5408', '大连软件职业学院', '', ''),('554', '5409', '大连商务职业学院', '', ''),('555', '5410', '大连艺术职业学院', '', ''),('556', '5411', '大连职业技术学院', '', ''),('557', '5412', '抚顺师范高等专科学校', '', ''),('558', '5413', '抚顺职业技术学院', '', ''),('559', '5414', '阜新高等专科学校', '', ''),('560', '5416', '锦州师范高等专科学校', '', ''),('561', '5418', '辽宁广播电视大学', '', ''),('562', '5419', '辽宁广告职业学院', '', ''),('563', '5420', '辽宁机电职业技术学院', '', ''),('564', '5421', '辽宁交通高等专科学校', '', ''),('565', '5422', '沈阳大学师范学院', '', ''),('566', '5423', '辽宁金融职业学院', '', ''),('567', '5424', '辽宁经济职业技术学院', '', ''),('568', '5425', '辽宁警察学院', '', ''),('569', '5426', '辽宁科技大学', '', ''),('570', '5427', '辽宁林业职业技术学院', '', ''),('571', '5428', '辽宁传媒学院', '', ''),('572', '5429', '辽宁农业职业技术学院', '', ''),('573', '5430', '辽宁商贸职业学院', '', ''),('574', '5431', '辽宁石化职业技术学院', '', ''),('575', '5432', '大连广播电视大学', '', ''),('576', '5433', '辽宁体育运动职业技术学院', '', ''),('577', '5435', '辽阳职业技术学院', '', ''),('578', '5436', '盘锦职业技术学院', '', ''),('579', '5437', '沈阳航空职业技术学院', '', ''),('580', '5438', '沈阳职业技术学院', '', ''),('581', '5439', '辽宁职业学院', '', ''),('582', '5440', '铁岭师范高等专科学校', '', ''),('583', '5441', '营口职业技术学院', '', ''),('584', '5442', '沈阳广播电视大学', '', ''),('585', '5443', '青岛峻通科技专修学院', '', ''),('586', '5444', '辽河石油职业技术学院', '', ''),('587', '5445', '青岛广播电视大学', '', ''),('588', '5446', '沈阳航空工业学院北方科技学院', '', ''),('589', '5448', '大连工业大学艺术与信息工程学院', '', ''),('590', '5449', '大连科技学院', '', ''),('591', '5450', '沈阳城市建设学院', '', ''),('592', '5451', '辽宁科技大学信息技术学院', '', ''),('593', '5452', '辽宁石油化工大学顺华能源学院', '', ''),('594', '5453', '沈阳化工学院科亚学院', '', ''),('595', '5454', '沈阳工学院', '', ''),('596', '5455', '中国医科大学临床医药学院', '', ''),('597', '5456', '大连医科大学中山学院', '', ''),('598', '5457', '辽宁医学院医疗学院', '', ''),('599', '5458', '辽宁中医药大学杏林学院', '', ''),('600', '5459', '辽宁何氏医学院', '', ''),('601', '5460', '辽宁师范大学海华学院', '', ''),('602', '5461', '东北财经大学津桥商学院', '', ''),('603', '5462', ' 辽宁财贸学院', '', ''),('604', '5463', '大连理工大学城市学院', '', ''),('605', '5464', '沈阳城市学院', '', ''),('606', '5465', '辽宁装备制造职业技术学院', '', ''),('607', '5466', '辽宁文化艺术职工大学', '', ''),('608', '5467', '辽宁公安司法管理干部学院', '', ''),('609', '5468', '沈阳工业大学工程学院', '', ''),('610', '5469', '海军职工大学', '', ''),('611', '5471', '阜新矿务局职工大学', '', ''),('612', '5472', '沈阳机械工业职工大学', '', ''),('613', '5474', '阜新煤炭职工医学专科学校', '', ''),('614', '5475', '辽宁财贸职工大学', '', ''),('615', '5476', '大连市教育学院', '', ''),('616', '5477', '朝阳职工工学院', '', ''),('617', '5478', '鞍山钢铁集团公司职工大学', '', ''),('618', '5479', '抚顺石油化工公司职工大学', '', ''),('619', '5480', '辽宁兵器工业职工大学', '', ''),('620', '5481', '本溪钢铁公司职工工学院', '', ''),('621', '5482', '大连工人大学', '', ''),('622', '5483', '大连职工大学', '', ''),('623', '5484', '抚顺矿务局职工工学院', '', ''),('624', '5485', '辽宁地质工程职业学院', '', ''),('625', '5486', '辽宁中医药大学', '', ''),('626', '5487', '辽宁建筑职业学院', '', ''),('627', '5488', '沈阳国际科学技术专修学院', '', ''),('628', '5489', '辽宁商务职业学院', '', ''),('629', '5490', '辽宁财贸学院', '', ''),('630', '5491', '大连市工人大学', '', ''),('631', '5492', '辽宁广告设计学院', '', ''),('632', '5493', '沈阳工业大学（辽阳校区）', '', ''),('633', '5494', '沈阳工业大学(辽阳校区)', '', ''),('634', '5495', '辽宁省交通高等专科学校', '', ''),('635', '5496', '辽宁省城市建设职业技术学院', '', ''),('636', '5497', '辽宁对外经贸学院', '', ''),('637', '5498', '鲁迅美术学院（沈阳校区）', '', ''),('638', '5499', '大连艺术学院', '', ''),('639', '5500', '辽宁税务高等专科学校', '', ''),('640', '5501', '沈阳职业技术学院计算机学院', '', ''),('641', '5503', '辽宁卫生职业技术学院', '', ''),('642', '5505', '大连航运职业技术学院', '', ''),('643', '5506', '辽宁东方中医学院', '', ''),('644', '5508', '辽宁公安司法干部管理学院', '', ''),('645', '5509', '中国人民解放军大连医学高等专科学校', '', ''),('646', '5511', '大连装备制造职业技术学院', '', ''),('647', '5513', '大连东方外国语学院', '', ''),('648', '5514', '锦州医学院畜牧兽医学院', '', ''),('649', '5515', '辽宁铁道职业技术学院', '', '');
INSERT INTO `schools` VALUES ('650', '6001', '南开大学', '', ''),('651', '6002', '天津大学', '', ''),('652', '6003', '河北工大', '', ''),('653', '6004', '天津师大', '', ''),('654', '6005', '天津工大', '', ''),('655', '6006', '天津科大', '', ''),('656', '6007', '天津理工', '', ''),('657', '6008', '天津医大', '', ''),('658', '6009', '天津中医药', '', ''),('659', '6010', '天津财经大学', '', ''),('660', '6011', '中国民航大学', '', ''),('661', '6012', '天津城建大学', '', ''),('662', '6013', '天津农院', '', ''),('663', '6015', '天津外国语', '', ''),('664', '6016', '天津商业大学', '', ''),('665', '6017', '天津体院', '', ''),('666', '6018', '天津音乐学院', '', ''),('667', '6019', '天津美院', '', ''),('668', '6020', '天津市国际商务学院', '', ''),('669', '6021', '天津商务职业学院', '', ''),('670', '6022', '天津体育学院', '', ''),('671', '6101', '天津天狮学院', '', ''),('672', '6102', '天津滨海职业学院', '', ''),('673', '6103', '天津渤海职业技术学院', '', ''),('674', '6104', '天津城市建设管理职业技术学院', '', ''),('675', '6105', '天津城市职业学院', '', ''),('676', '6106', '天津电子信息职业技术学院', '', ''),('677', '6107', '天津对外经济贸易职业学院', '', ''),('678', '6108', '天津工程职业技术学院', '', ''),('679', '6109', '天津工商职业技术学院', '', ''),('680', '6110', '天津工业职业技术学院', '', ''),('681', '6111', '天津工艺美术职业学院', '', ''),('682', '6112', '天津公安警官职业学院', '', ''),('683', '6113', '天津海运职业学院', '', ''),('684', '6114', '天津机电职业技术学院', '', ''),('685', '6115', '天津交通职业学院', '', ''),('686', '6116', '天津开发区职业技术学院', '', ''),('687', '6117', '天津青年职业学院', '', ''),('688', '6118', '天津轻工职业技术学院', '', ''),('689', '6119', '天津生物工程职业技术学院', '', ''),('690', '6120', '天津石油职业技术学院', '', ''),('691', '6121', '天津铁道职业技术学院', '', ''),('692', '6122', '天津现代职业技术学院', '', ''),('693', '6123', '天津冶金职业技术学院', '', ''),('694', '6124', '天津医学高等专科学校', '', ''),('695', '6125', '天津艺术职业学院', '', ''),('696', '6126', '天津职业大学', '', ''),('697', '6127', '天津中德职业技术学院', '', ''),('698', '6128', '天津市工会管理干部学院', '', ''),('699', '6129', '天津外国语学院滨海外事学院', '', ''),('700', '6130', '天津体育学院运动与文化艺术学院', '', ''),('701', '6131', '天津商业大学宝德学院', '', ''),('702', '6132', '天津医科大学临床医学院', '', ''),('703', '6133', '北京科技大学天津学院', '', ''),('704', '6134', '天津师范大学津沽学院', '', ''),('705', '6135', '天津理工大学中环信息学院', '', ''),('706', '6136', '天津大学仁爱学院', '', ''),('707', '6137', '天津财经大学珠江学院', '', ''),('708', '6138', '南开大学滨海学院', '', ''),('709', '6140', '天津市职工经济技术大学', '', ''),('710', '6141', '天津市房地产局职工大学', '', ''),('711', '6142', '天津市政法管理干部学院', '', ''),('712', '6143', '天津市财贸管理干部学院', '', ''),('713', '6144', '天津市广播电视大学', '', ''),('714', '6145', '天津市管理干部学院', '', ''),('715', '6146', '天津市渤海化工职工学院', '', ''),('716', '6147', '天津市南开区职工大学', '', ''),('717', '6148', '天津市红桥区职工大学', '', ''),('718', '6149', '天津市建筑工程职工大学', '', ''),('719', '6150', '天津市河东区职工大学', '', ''),('720', '6151', '天津市河西区职工大学', '', ''),('721', '6152', '天津市和平区新华职工大学', '', ''),('722', '6153', '天津物资管理干部学院', '', ''),('723', '6154', '天津市海军工程大学', '', ''),('724', '6155', '中国旅游干部管理学院', '', ''),('725', '6159', '天津海运职业学校', '', ''),('726', '6160', '天津市国土资源和房屋职业学院', '', ''),('727', '6161', '天津轻工职业学院', '', ''),('728', '6162', '斯波泰克高级技工学院', '', ''),('729', '6163', '天津广播影视职业学院', '', ''),('730', '6164', '天津职业技术师范大学', '', '');
INSERT INTO `schools` VALUES ('731', '7001', '中国科大', '', ''),('732', '7002', '安徽大学', '', ''),('733', '7003', '合肥工大', '', ''),('734', '7004', '安徽医科大', '', ''),('735', '7005', '安徽建筑大学', '', ''),('736', '7006', '安徽中医', '', ''),('737', '7007', '合肥学院', '', ''),('738', '7008', '安徽汽车职业技术学院 ', '', ''),('739', '7009', '安徽农大', '', ''),('740', '7010', '安徽长江职业学院', '', ''),('741', '7011', '桐城师范高等专科学校', '', ''),('742', '7012', '安徽矿业职业技术学院', '', ''),('743', '7013', '安徽大学江淮学院', '', ''),('744', '7014', '合肥信息技术职业学院 ', '', ''),('745', '7015', '安徽财经大学商学院', '', ''),('746', '7016', '安徽工程大学机电学院', '', ''),('747', '7017', '安徽工业大学工商学院', '', ''),('748', '7018', '安徽建筑工业学院城市建设学院', '', ''),('749', '7019', '安徽农业大学经济技术学院', '', ''),('750', '7020', '安徽医科大学临床医学院', '', ''),('751', '7021', '阜阳师范学院信息工程学院', '', ''),('752', '7022', '安徽	淮北师范大学信息学院', '', ''),('753', '7023', '合肥共达职业技术学院', '', ''),('754', '7024', '黄山职业技术学院', '', ''),('755', '7025', '滁州城市职业学院', '', ''),('756', '7026', '皖西卫生职业学院', '', ''),('757', '7027', '安徽扬子职业技术学院', '', ''),('758', '7028', '安徽黄梅戏艺术职业学院', '', ''),('759', '7029', '安徽粮食工程职业学院', '', ''),('760', '7030', '安徽人口职业学院', '', ''),('761', '7031', '合肥科技职业学院', '', ''),('762', '7033', '民办合肥滨湖职业技术学院', '', ''),('763', '7034', '马鞍山职业技术学院', '', ''),('764', '7035', '淮北师范大学信息学院', '', ''),('765', '7036', '安徽现代信息工程职业学院', '', ''),('766', '7037', '合肥滨湖职业技术学院', '', ''),('767', '7038', '合肥工业大学宣城校区', '', ''),('768', '7051', '安徽工业大学', '', ''),('769', '7101', '安徽科技', '', ''),('770', '7102', '皖南医学院', '', ''),('771', '7103', '安徽师大', '', ''),('772', '7109', '安徽工程大学', '', ''),('773', '7151', '蚌埠医学院', '', ''),('774', '7152', '安徽财经', '', ''),('775', '7201', '阜阳师范学院', '', ''),('776', '7251', '淮南师范', '', ''),('777', '7252', '安徽理工大学', '', ''),('778', '7301', '淮北师范大学', '', ''),('779', '7351', '安庆师范', '', ''),('780', '7401', '铜陵学院', '', ''),('781', '7402', '皖西学院', '', ''),('782', '7451', '巢湖学院', '', ''),('783', '7501', '滁州学院', '', ''),('784', '7551', '宿州学院', '', ''),('785', '7601', '黄山学院', '', ''),('786', '7602', '新华学院', '', ''),('787', '7701', '蚌埠学院', '', ''),('788', '7702', '安徽财贸职业学院', '', ''),('789', '7703', '安徽城市管理职业学院', '', ''),('790', '7704', '安徽电气工程职业技术学院', '', ''),('791', '7705', '安徽电子信息职业技术学院', '', ''),('792', '7706', '安徽工贸职业技术学院', '', ''),('793', '7707', '安徽工商职业学院', '', ''),('794', '7708', '安徽工业经济职业技术学院', '', ''),('795', '7709', '安徽公安职业学院', '', ''),('796', '7710', '安徽广播影视职业技术学院', '', ''),('797', '7711', '安徽国防科技职业学院', '', ''),('798', '7712', '安徽国际商务职业学院', '', ''),('799', '7713', '安徽机电职业技术学院', '', ''),('800', '7714', '安徽交通职业技术学院', '', ''),('801', '7715', '安徽教育学院', '', ''),('802', '7716', '安徽经济管理学院', '', ''),('803', '7717', '安徽警官职业学院', '', ''),('804', '7718', '安徽林业职业技术学院', '', ''),('805', '7719', '安徽明星科技职业学院', '', ''),('806', '7720', '安徽商贸职业技术学院', '', ''),('807', '7721', '安徽审计职业学院', '', ''),('808', '7722', '安徽三联学院', '', ''),('809', '7724', '安徽水利水电职业技术学院', '', ''),('810', '7725', '安徽体育运动职业技术学院', '', ''),('811', '7726', '安徽文达信息工程学院', '', ''),('812', '7727', '安徽新闻出版职业技术学院', '', ''),('813', '7728', '安徽冶金科技职业学院', '', ''),('814', '7729', '安徽医学高等专科学校', '', ''),('815', '7730', '安徽艺术职业学院', '', ''),('816', '7731', '安徽邮电职业技术学院', '', ''),('817', '7732', '安徽职业技术学院', '', ''),('818', '7733', '安徽中澳科技职业学院', '', ''),('819', '7734', '安徽中医药高等专科学校', '', ''),('820', '7735', '安庆职业技术学院', '', ''),('821', '7736', '蚌埠高等专科学校', '', ''),('822', '7737', '蚌埠职业教育专修学院', '', ''),('823', '7738', '亳州师范高等专科学校', '', ''),('824', '7739', '亳州职业技术学院', '', ''),('825', '7740', '合肥职业技术学院', '', ''),('826', '7741', '池州学院', '', ''),('827', '7742', '池州职业技术学院', '', ''),('828', '7743', '滁州职业技术学院', '', ''),('829', '7744', '阜阳科技职业学院', '', ''),('830', '7745', '阜阳职业技术学院', '', ''),('831', '7746', '合肥市万博科技职业学院', '', ''),('832', '7747', '合肥通用职业技术学院', '', ''),('833', '7748', '淮北职业技术学院', '', ''),('834', '7749', '淮南联合大学', '', ''),('835', '7750', '淮南职业技术学院', '', ''),('836', '7752', '六安职业技术学院', '', ''),('837', '7753', '马鞍山师范高等专科学校', '', ''),('838', '7754', '安徽外国语学院', '', ''),('839', '7755', '民办合肥经济技术职业学院', '', ''),('840', '7756', '宿州职业技术学院', '', ''),('841', '7757', '铜陵职业技术学院', '', ''),('842', '7758', '芜湖信息技术职业学院', '', ''),('843', '7759', '芜湖职业技术学院', '', ''),('844', '7760', '宣城职业技术学院', '', ''),('845', '7761', '安徽师范大学皖江学院', '', ''),('846', '7762', '合肥师范学院', '', ''),('847', '7763', '凤阳师范高等专科学校', '', ''),('848', '7764', '安庆医药高等专科学校', '', ''),('849', '7765', '安徽工业职业技术学院', '', ''),('850', '7766', '合肥幼儿师范高等专科学校', '', ''),('851', '7767', '蚌埠经济技术职业学院', '', ''),('852', '7768', '合肥财经职业学院', '', ''),('853', '7769', '徽商职业学院', '', ''),('854', '7770', '民办安徽旅游职业学院', '', ''),('855', '7771', '宿县地区教育学院', '', ''),('856', '7772', '淮南市职工大学', '', ''),('857', '7773', '合肥职工科技大学', '', ''),('858', '7774', '合肥市职工大学', '', ''),('859', '7775', '安徽省广播电视大学', '', ''),('860', '7776', '安徽绿海商务职业学院', '', ''),('861', '7777', '河海大学文天学院', '', ''),('862', '7778', '安徽涉外经济职业学院', '', ''),('863', '7780', '皖南农学院', '', ''),('864', '7781', '安徽蚌埠汽车管理学院', '', ''),('865', '7783', '阜阳师范学校', '', ''),('866', '7785', '安徽新华电脑专修学院', '', ''),('867', '7787', '蚌埠坦克学院', '', ''),('868', '7789', '安徽合肥机电技师学院', '', ''),('869', '7790', '安徽科技学院', '', ''),('870', '7791', '宿州市联合大学', '', ''),('871', '7792', '安徽经济管理干部学院', '', '');
INSERT INTO `schools` VALUES ('872', '8001', '南京大学', '', ''),('873', '8002', '河海大学', '', ''),('874', '8003', '南京师大', '', ''),('875', '8004', '南京理工', '', ''),('876', '8005', '东南大学', '', ''),('877', '8006', '南京航空航天大学', '', ''),('878', '8007', '南京财经', '', ''),('879', '8008', '南京医科大', '', ''),('880', '8009', '南京工业大学', '', ''),('881', '8010', '南京农大', '', ''),('882', '8011', '南京林业大学', '', ''),('883', '8012', '南京邮电大学', '', ''),('884', '8013', '南京信息工程大学', '', ''),('885', '8014', '南京中医药', '', ''),('886', '8015', '南京工程学院', '', ''),('887', '8016', '金陵科技学院', '', ''),('888', '8017', '南京晓庄学院', '', ''),('889', '8018', '南京审计学院', '', ''),('890', '8019', '江苏警官学院', '', ''),('891', '8020', '南京体院', '', ''),('892', '8021', '南京艺术学院', '', ''),('893', '8022', '三江学院', '', ''),('894', '8023', '中国药科大', '', ''),('895', '8024', '苏州工业园区服务外包职业学院', '', ''),('896', '8025', '无锡高等师范学校', '', ''),('897', '8026', '南京工程高等职业学校', '', ''),('898', '8027', '南京政治学院', '', ''),('899', '8028', '江苏理工学院', '', ''),('900', '8029', '淮安广播电视大学', '', ''),('901', '8030', '徐州经贸高等职业学校', '', ''),('902', '8031', '江苏师范大学', '', ''),('903', '8032', '徐州师范大学连云港校区', '', ''),('904', '8033', '江苏科技大学张家港校区', '', ''),('905', '8034', '江苏建筑职业技术学院', '', ''),('906', '8035', '无锡旅游商贸高等职业技术学校', '', ''),('907', '8036', '无锡技师学院', '', ''),('908', '8037', '苏州教育学院', '', ''),('909', '8038', '江苏京华科教专修学院', '', ''),('910', '8039', '盐城高等师范学校', '', ''),('911', '8040', '金陵协和神学院', '', ''),('912', '8041', '南航艾维国际飞行学院', '', ''),('913', '8042', '南通建筑职业技术学校 ', '', ''),('914', '8043', '南京城市职业学院', '', ''),('915', '8044', '中国船舶科学研究中心', '', ''),('916', '8045', '徐州生物工程职业技术学院', '', ''),('917', '8046', '无锡卫生高等职业技术学校', '', ''),('918', '8047', '常州艺术高等职业学校', '', ''),('919', '8048', '苏州旅游与财经高等职业技术学校', '', ''),('920', '8049', '宿迁高等师范学校', '', ''),('921', '8050', '镇江高等专科学校', '', ''),('922', '8051', '苏州大学', '', ''),('923', '8052', '南京体育学院奥林匹克学院', '', ''),('924', '8053', '常州卫生高等职业技术学校', '', ''),('925', '8054', '江苏省中国科学院植物研究所', '', ''),('926', '8055', ' 江苏省盐城技师学院', '', ''),('927', '8101', '江南大学', '', ''),('928', '8151', '中国矿业大学', '', ''),('929', '8154', '徐州医学院', '', ''),('930', '8201', '扬州大学', '', ''),('931', '8251', '江苏大学', '', ''),('932', '8252', '江苏科大', '', ''),('933', '8301', '南通大学', '', ''),('934', '8351', '常州大学', '', ''),('935', '8352', '常州工学院', '', ''),('936', '8401', '淮阴工学院', '', ''),('937', '8402', '淮阴师范', '', ''),('938', '8451', '淮海工学院', '', ''),('939', '8501', '盐城工学院', '', ''),('940', '8502', '盐城师范学院', '', ''),('941', '8551', '常熟理工', '', ''),('942', '8601', '常州纺织服装职业技术学院', '', ''),('943', '8602', '常州工程职业技术学院', '', ''),('944', '8603', '常州机电职业技术学院', '', ''),('945', '8605', '常州轻工职业技术学院', '', ''),('946', '8606', '常州信息职业技术学院', '', ''),('947', '8607', '硅湖职业技术学院', '', ''),('948', '8608', '河海大学常州校区', '', ''),('949', '8609', '淮安信息职业技术学院', '', ''),('950', '8610', '建东职业技术学院', '', ''),('951', '8611', '健雄职业技术学院', '', ''),('952', '8612', '江海职业技术学院', '', ''),('953', '8613', '江南影视艺术职业学院', '', ''),('954', '8614', '江苏财经职业技术学院', '', ''),('955', '8615', '江苏海事职业技术学院', '', ''),('956', '8616', '江苏经贸职业技术学院', '', ''),('957', '8617', '江苏联合职业技术学院', '', ''),('958', '8618', '江苏农林职业技术学院', '', ''),('959', '8619', '江苏食品职业技术学院', '', ''),('960', '8620', '江苏信息职业技术学院', '', ''),('961', '8621', '江苏农牧科技职业学院', '', ''),('962', '8622', '江阴职业技术学院', '', ''),('963', '8623', '金肯职业技术学院', '', ''),('964', '8624', '金山职业技术学院', '', ''),('965', '8625', '九州职业技术学院', '', ''),('966', '8626', '昆山登云科技职业学院', '', ''),('967', '8627', '连云港师范高等专科学校', '', ''),('968', '8628', '连云港职业技术学院', '', ''),('969', '8629', '民办明达职业技术学院', '', ''),('970', '8630', '南京动力高等专科学校', '', ''),('971', '8631', '南京工业职业技术学院', '', ''),('972', '8632', '南京化工职业技术学院', '', ''),('973', '8633', '南京交通职业技术学院', '', ''),('974', '8634', '南京人口管理干部学院', '', ''),('975', '8635', '南京森林警察学院', '', ''),('976', '8636', '南京视觉艺术职业学院', '', ''),('977', '8637', '南京特殊教育职业技术学院', '', ''),('978', '8638', '南京铁道职业技术学院', '', ''),('979', '8639', '南京信息职业技术学院', '', ''),('980', '8640', '南通纺织职业技术学院', '', ''),('981', '8641', '南通航运职业技术学院', '', ''),('982', '8642', '南通农业职业技术学院', '', ''),('983', '8643', '南通职业大学', '', ''),('984', '8644', '培尔职业技术学院', '', ''),('985', '8645', '沙洲职业工学院', '', ''),('986', '8646', '苏州港大思培科技职业学院', '', ''),('987', '8647', '苏州工业园区职业技术学院', '', ''),('988', '8648', '苏州工业职业技术学院', '', ''),('989', '8649', '苏州工艺美术职业技术学院', '', ''),('990', '8650', '苏州经贸职业技术学院', '', ''),('991', '8651', '苏州科技大学', '', ''),('992', '8654', '苏州农业职业技术学院', '', ''),('993', '8655', '苏州托普信息职业技术学院', '', ''),('994', '8656', '苏州市职业大学', '', ''),('995', '8657', '宿迁学院', '', ''),('996', '8658', '泰州学院', '', ''),('997', '8659', '泰州职业技术学院', '', ''),('998', '8660', '无锡城市职业技术学院', '', ''),('999', '8661', '无锡工艺职业技术学院', '', ''),('1000', '8662', '无锡科技职业学院', '', ''),('1001', '8663', '无锡南洋职业技术学院', '', ''),('1002', '8664', '无锡轻工大学', '', ''),('1003', '8665', '无锡商业职业技术学院', '', ''),('1004', '8666', '无锡职业技术学院', '', ''),('1005', '8667', '徐州工业职业技术学院', '', ''),('1006', '8668', '徐州广播电视大学', '', ''),('1007', '8669', '江苏建筑学院', '', ''),('1008', '8670', '徐州教育学院', '', ''),('1009', '8671', '徐州工程学院', '', ''),('1010', '8672', '炎黄职业技术学院', '', ''),('1011', '8673', '盐城工业职业技术学院', '', ''),('1012', '8674', '扬州工业职业技术学院', '', ''),('1013', '8675', '扬州环境资源管理学院', '', ''),('1014', '8678', '扬州职业大学', '', ''),('1015', '8679', '应天职业技术学院', '', ''),('1016', '8680', '镇江市高等专科学校', '', ''),('1017', '8681', '正德职业技术学院', '', ''),('1018', '8682', '中国传媒大学南广学院', '', ''),('1019', '8683', '钟山职业技术学院', '', ''),('1020', '8684', '南通理工学院', '', ''),('1021', '8685', '江苏广播电视大学', '', ''),('1022', '8686', '江苏第二师范学院', '', ''),('1023', '8687', '徐州师范高等专科学校', '', ''),('1024', '8688', '江苏省省级机关管理干部学院', '', ''),('1025', '8689', '江苏职工医科大学', '', ''),('1026', '8690', '苏州卫生职业技术学院', '', ''),('1027', '8691', '盐城卫生职业技术学院', '', ''),('1028', '8692', '金陵旅馆管理干部学院', '', ''),('1029', '8693', '南京市广播电视大学', '', ''),('1030', '8694', '南京机电职业技术学院', '', ''),('1031', '8695', '江苏城市职业学院', '', ''),('1032', '8697', '苏州高博软件技术职业学院', '', ''),('1033', '8698', '南京旅游职业学院', '', ''),('1034', '8699', '空军第一职工大学', '', ''),('1035', '8700', '江苏省青年管理干部学院', '', ''),('1036', '8701', '江苏省广播电视大学', '', ''),('1037', '8702', '南京金陵旅馆管理干部学院', '', ''),('1038', '8703', '南通市工人业余大学', '', ''),('1039', '8704', '常州市职工大学', '', ''),('1040', '8705', '南京市职工大学', '', ''),('1041', '8706', '南京联合职工大学', '', ''),('1042', '8707', '江苏电力职工大学', '', ''),('1043', '8710', '宿迁职业技术学院', '', ''),('1044', '8711', '南京工程兵工程学校', '', ''),('1045', '8712', '南京理工大学泰州科技学院', '', ''),('1046', '8713', '东南大学成贤学院', '', ''),('1047', '8714', '南京理工大学紫金学院', '', ''),('1048', '8715', '南京航空航天大学金城学院', '', ''),('1049', '8716', '南京财经大学红山学院', '', ''),('1050', '8717', '南京师范大学泰州学院', '', ''),('1051', '8718', '南京审计学院金审学院', '', ''),('1052', '8719', '南通大学杏林学院', '', ''),('1053', '8720', '江苏工业学院怀德学院', '', ''),('1054', '8721', '江苏科技大学苏州理工学院', '', ''),('1055', '8722', '南京邮电大学通达学院', '', ''),('1056', '8723', '徐州师范大学科文学院', '', ''),('1057', '8724', '扬州大学广陵学院', '', ''),('1058', '8725', '江苏大学京江学院', '', ''),('1059', '8726', '苏州科技学院天平学院', '', ''),('1060', '8727', '苏州大学应用技术学院', '', ''),('1061', '8728', '苏州大学文正学院', '', ''),('1062', '8729', '南京信息工程大学滨江学院', '', ''),('1063', '8730', '南京中医药大学翰林学院', '', ''),('1064', '8731', '南京医科大学康达学院', '', ''),('1065', '8732', '南京师范大学中北学院', '', ''),('1066', '8733', '南京工业大学浦江学院', '', ''),('1067', '8734', '无锡太湖学院', '', ''),('1068', '8735', '南通体臣卫生学校', '', ''),('1069', '8736', '南通市广播电视大学', '', ''),('1070', '8737', '江苏商贸职业学院', '', ''),('1071', '8738', '南通高等师范学校', '', ''),('1072', '8739', '如皋高等师范学校', '', ''),('1073', '8740', '南通市中等专业学校', '', ''),('1074', '8741', '太湖创意职业技术学院', '', ''),('1075', '8742', '西交利物浦大学', '', ''),('1076', '8743', '南京中天专修学院', '', ''),('1077', '8744', '江苏苏州广播电视大学', '', ''),('1078', '8745', '南京金陵科技专修学院', '', ''),('1079', '8746', '江苏科技经贸专修学院', '', ''),('1080', '8747', '江苏省无锡交通高等职业技术学校', '', ''),('1081', '8748', '南京新华电脑专修学院', '', ''),('1082', '8749', '河海大学继续教育学院', '', ''),('1083', '8750', '南京技师学院', '', ''),('1084', '8751', '江苏建康职业学院', '', ''),('1085', '8752', '江苏城镇建设学校', '', ''),('1086', '8753', '南京航天管理干部学院', '', ''),('1087', '8754', '中国人民大学国际学院', '', ''),('1088', '8755', '徐州幼儿高等师范学校', '', ''),('1089', '8756', '江苏技术师范东方学院', '', ''),('1090', '8757', '南京高等职业技术学校', '', ''),('1091', '8758', '江苏省司法警官高等职业学校', '', ''),('1092', '8760', '苏州大学宿迁学院', '', ''),('1093', '8761', '徐州医学院华方学院', '', ''),('1094', '8762', '中国矿业大学徐海学院', '', ''),('1095', '8764', '苏州信息职业技术学院', '', ''),('1096', '8765', '江苏东南科技专修学院', '', ''),('1097', '8766', '盐城生物工程高等职业技术学院', '', ''),('1098', '8767', '江苏电大通州学院', '', ''),('1099', '8768', '南京大学金陵学院', '', ''),('1100', '8769', '运河高等师范学校', '', ''),('1101', '8770', '南京东方文理研修学院', '', ''),('1102', '8771', '徐州财经高等职业技术学校', '', '');
INSERT INTO `schools` VALUES ('1103', '9001', '浙江大学', '', ''),('1104', '9002', '浙江理工', '', ''),('1105', '9003', '浙江工大', '', ''),('1106', '9004', '杭州电子科大', '', ''),('1107', '9005', '浙江中医药', '', ''),('1108', '9006', '浙江工商大学', '', ''),('1109', '9007', '中国计量', '', ''),('1110', '9008', '浙江科技', '', ''),('1111', '9009', '浙江农林大学', '', ''),('1112', '9010', '杭州师范大学', '', ''),('1113', '9011', '浙江传媒', '', ''),('1114', '9012', '浙江财经大学', '', ''),('1115', '9013', '中国美术学院', '', ''),('1116', '9014', '树人大学', '', ''),('1117', '9015', '浙江农业商贸职业学院', '', ''),('1118', '9016', '浙江三联专修学院', '', ''),('1119', '9017', '杭州之江专修学院', '', ''),('1120', '9018', '上海杉达学院嘉善光彪学院', '', ''),('1121', '9019', '浙江吉利技师学院', '', ''),('1122', '9020', '浙江宇翔外国语专修学院', '', ''),('1123', '9021', '温州肯恩大学', '', ''),('1124', '9022', '杭州技师学院', '', ''),('1125', '9023', '浙江育人专修学校', '', ''),('1126', '9024', '中共浙江省委党校函授学院', '', ''),('1127', '9025', '湖州师范学院求真学院', '', ''),('1128', '9026', '中国计量学院现代科技学院', '', ''),('1129', '9027', '浙江财经大学东方学院', '', ''),('1130', '9028', '浙江女子专修学院', '', ''),('1131', '9029', '浙江农林大学天目学院', '', ''),('1132', '9030', '浙江海洋学院东海科学技术学院', '', ''),('1133', '9031', '温州医科大学仁济学院', '', ''),('1134', '9032', '绍兴文理学院元培学院', '', ''),('1135', '9033', '温州大学瓯江学院', '', ''),('1136', '9034', '嘉兴学院南湖学院', '', ''),('1137', '9035', '温州大学城市学院', '', ''),('1138', '9036', '杭州电子科技大学信息工程学院', '', ''),('1139', '9037', '浙江中医药大学滨江学院', '', ''),('1140', '9038', '浙江工商大学杭州商学院', '', ''),('1141', '9039', '杭州师范大学美术学院', '', ''),('1142', '9040', '国家海洋局第二海洋研究所', '', ''),('1143', '9051', '宁波大学', '', ''),('1144', '9052', '宁波工程', '', ''),('1145', '9053', '万里学院', '', ''),('1146', '9054', '诺丁汉大学', '', ''),('1147', '9101', '嘉兴学院', '', ''),('1148', '9151', '浙江海洋', '', ''),('1149', '9201', '温州大学', '', ''),('1150', '9202', '温州医科大学', '', ''),('1151', '9251', '湖州师范学院', '', ''),('1152', '9301', '台州学院', '', ''),('1153', '9351', '绍兴文理学院', '', ''),('1154', '9401', '丽水学院', '', ''),('1155', '9451', '浙江师大', '', ''),('1156', '9501', '长征职业技术学院', '', ''),('1157', '9502', '公安海警学院', '', ''),('1158', '9503', '杭州万向职业技术学院', '', ''),('1159', '9504', '杭州职业技术学院', '', ''),('1160', '9505', '湖州职业技术学院', '', ''),('1161', '9507', '嘉兴职业技术学院', '', ''),('1162', '9508', '金华职业技术学院', '', ''),('1163', '9509', '科技求是学院', '', ''),('1164', '9510', '丽水职业技术学院', '', ''),('1165', '9511', '宁波城市职业技术学院', '', ''),('1166', '9512', '宁波大红鹰学院', '', ''),('1167', '9513', '宁波大学科技学院', '', ''),('1168', '9514', '宁波天一职业技术学院', '', ''),('1169', '9515', '宁波职业技术学院', '', ''),('1170', '9516', '衢州职业技术学院', '', ''),('1171', '9517', '绍兴职业技术学院', '', ''),('1172', '9518', '浙江越秀外国语学院', '', ''),('1173', '9519', '台州职业技术学院', '', ''),('1174', '9520', '温州职业技术学院', '', ''),('1175', '9521', '义乌工商职业技术学院', '', ''),('1176', '9522', '浙江大学城市学院', '', ''),('1177', '9523', '浙江大学宁波理工学院', '', ''),('1178', '9524', '浙江东方职业技术学院', '', ''),('1179', '9525', '浙江纺织服装职业技术学院', '', ''),('1180', '9526', '浙江工贸职业技术学院', '', ''),('1181', '9527', '浙江工商职业技术学院', '', ''),('1182', '9528', '浙江工业职业技术学院', '', ''),('1183', '9529', '浙江警察学院', '', ''),('1184', '9530', '浙江广厦建设职业技术学院', '', ''),('1185', '9531', '浙江机电职业技术学院', '', ''),('1186', '9532', '浙江建设职业技术学院', '', ''),('1187', '9533', '浙江交通职业技术学院', '', ''),('1188', '9534', '浙江外国语学院', '', ''),('1189', '9535', '浙江金融职业学院', '', ''),('1190', '9536', '浙江经济职业技术学院', '', ''),('1191', '9537', '浙江经贸职业技术学院', '', ''),('1192', '9538', '浙江警官职业学院', '', ''),('1193', '9539', '浙江旅游职业学院', '', ''),('1194', '9540', '浙江商业职业技术学院', '', ''),('1195', '9541', '浙江水利水电学院', '', ''),('1196', '9542', '浙江医学高等专科学校', '', ''),('1197', '9543', '浙江医药高等专科学校', '', ''),('1198', '9544', '浙江艺术职业学院', '', ''),('1199', '9545', '浙江育英职业技术学院', '', ''),('1200', '9546', '浙江电力职业技术学院', '', ''),('1201', '9547', '嘉兴南洋职业技术学院', '', ''),('1202', '9548', '浙江国际海运职业技术学校', '', ''),('1203', '9549', '衢州学院', '', ''),('1204', '9552', '浙江国际海运职业技术学院', '', ''),('1205', '9553', '温州市工人业余大学', '', ''),('1206', '9554', '宁波市广播电视大学', '', ''),('1207', '9555', '浙江嘉兴教育学院', '', ''),('1208', '9556', '浙江经济管理职工大学', '', ''),('1209', '9557', '浙江省广播电视大学', '', ''),('1210', '9558', '金华教育学院', '', ''),('1211', '9559', '宁波教育学院', '', ''),('1212', '9561', '杭州成人科技大学', '', ''),('1213', '9562', '杭州市工人业余大学', '', ''),('1214', '9563', '浙江省省级机关职工业余大学', '', ''),('1215', '9564', '浙江同济科技职业学院', '', ''),('1216', '9565', '浙江邮电职业技术学院', '', ''),('1217', '9566', '浙江体育职业技术学院', '', ''),('1218', '9567', '台州科技职业学院', '', ''),('1219', '9568', '温州科技职业学院', '', ''),('1220', '9569', '浙江理工大学成教学院北景园分院', '', ''),('1221', '9570', '同济大学浙江学院', '', ''),('1222', '9572', '浙江横店影视职业学院', '', ''),('1223', '9573', '杭州科技职业技术学院', '', ''),('1224', '9577', '浙江汽车职业技术学院', '', ''),('1225', '9578', '中国美术学院艺术设计职业技术学院', '', ''),('1226', '9579', '金华广播电视大学', '', ''),('1227', '9580', '杭州老和山职业技术学院', '', ''),('1228', '9581', '杭州师范大学钱江学院', '', ''),('1229', '9582', '浙江新世纪经贸专修学院', '', ''),('1230', '9584', '杭州人文专修学院', '', ''),('1231', '9585', '上海财经大学浙江学院', '', ''),('1232', '9586', '浙江师范大学行知学院', '', ''),('1233', '9587', '浙江理工大学科技与艺术学院', '', ''),('1234', '9589', '浙江工业大学之江学院', '', ''),('1235', '9591', '杭州江南专修学院', '', ''),('1236', '9592', '江南专修学院', '', '');
INSERT INTO `schools` VALUES ('1237', '10001', '西安交大', '', ''),('1238', '10002', '长安大学', '', ''),('1239', '10003', '西北工大', '', ''),('1240', '10004', '西北大学', '', ''),('1241', '10005', '陕西师大', '', ''),('1242', '10006', '西安电子科大', '', ''),('1243', '10007', '西安理工', '', ''),('1244', '10008', '西安科大', '', ''),('1245', '10009', '西安工大', '', ''),('1246', '10010', '西安外国语大学', '', ''),('1247', '10011', '西安邮电大学', '', ''),('1248', '10012', '西安医学院', '', ''),('1249', '10013', '西安财经', '', ''),('1250', '10014', '西北政法', '', ''),('1251', '10015', '西安体院', '', ''),('1252', '10016', '西安美院', '', ''),('1253', '10017', '西安音乐学院', '', ''),('1254', '10018', '西安文理学院', '', ''),('1255', '10019', '西京学院', '', ''),('1256', '10020', '西安翻译学院', '', ''),('1257', '10021', '培华学院', '', ''),('1258', '10022', '欧亚学院', '', ''),('1259', '10023', '西安外事', '', ''),('1260', '10024', '陕西工商职业学院', '', ''),('1261', '10025', '西安石油', '', ''),('1262', '10026', '西安建筑科大', '', ''),('1263', '10027', '第四军医大学', '', ''),('1264', '10028', '西安电子科技大学高等职业技术学院', '', ''),('1265', '10029', '西北工业大学明德学院', '', ''),('1266', '10030', '陕西师范大学高等职业技术学院', '', ''),('1267', '10031', '长安大学兴华学院', '', ''),('1268', '10032', '西安数字技术学院 ', '', ''),('1269', '10033', '陕西工商职业学院&nbsp;', '', ''),('1270', '10034', '榆林职业技术学院神木校区', '', ''),('1271', '10035', '西安航空学院', '', ''),('1272', '10036', '陕西省艺术学院', '', ''),('1273', '10037', '宝鸡市职工大学', '', ''),('1274', '10038', '陕西兵器工业职工大学', '', ''),('1275', '10039', '陕西电子工业职工大学', '', ''),('1276', '10040', '陕西省宝鸡教育学院', '', ''),('1277', '10041', '陕西省财贸管理干部学院', '', ''),('1278', '10042', '陕西省建筑工程总公司职工大学', '', ''),('1279', '10043', '陕西学前师范学院', '', ''),('1280', '10044', '西安城市建设职业学院', '', ''),('1281', '10045', '西安电力机械制造公司机电学院', '', ''),('1282', '10046', '西安飞机工业公司职工工学院', '', ''),('1283', '10047', '西安广播电视大学', '', ''),('1284', '10048', '西安石油勘探仪器总厂职工大学', '', ''),('1285', '10049', '西安市职工大学', '', ''),('1286', '10050', '西安医学高等专科学校', '', ''),('1287', '10051', '延安大学', '', ''),('1288', '10052', '西北电业职工大学', '', ''),('1289', '10053', '榆林职业技术学院', '', ''),('1290', '10055', '西安桃李旅游烹饪专修学院', '', ''),('1291', '10056', '中共陕西省委党校', '', ''),('1292', '10057', '中国人民武装警察部队工程大学', '', ''),('1293', '10101', '陕西中医学院', '', ''),('1294', '10102', '咸阳师范学院', '', ''),('1295', '10103', '陕西科大', '', ''),('1296', '10151', '宝鸡文理学院', '', ''),('1297', '10201', '渭南师范', '', ''),('1298', '10251', '陕西理工', '', ''),('1299', '10301', '榆林学院', '', ''),('1300', '10351', '商洛学院', '', ''),('1301', '10401', '安康学院', '', ''),('1302', '10451', '西北农林科大', '', ''),('1303', '10501', '安康职业技术学院', '', ''),('1304', '10502', '宝鸡职业技术学院', '', ''),('1305', '10503', '汉中职业技术学院', '', ''),('1306', '10504', '陕西财经职业技术学院', '', ''),('1307', '10505', '陕西电子科技职业学院', '', ''),('1308', '10506', '陕西电子信息职业技术学院', '', ''),('1309', '10507', '陕西纺织服装职业技术学院', '', ''),('1310', '10508', '陕西服装工程学院', '', ''),('1311', '10509', '陕西工业职业技术学院', '', ''),('1312', '10510', '陕西国防工业职业技术学院', '', ''),('1313', '10511', '陕西国际商贸学院', '', ''),('1314', '10512', '陕西航空职业技术学院', '', ''),('1315', '10513', '陕西交通职业技术学院', '', ''),('1316', '10514', '陕西经济管理职业技术学院', '', ''),('1317', '10515', '陕西警官职业学院', '', ''),('1318', '10516', '陕西旅游烹饪职业学院', '', ''),('1319', '10517', '陕西能源职业技术学院', '', ''),('1320', '10518', '陕西青年职业学院', '', ''),('1321', '10519', '陕西铁路工程职业技术学院', '', ''),('1322', '10520', '陕西邮电职业技术学院', '', ''),('1323', '10521', '陕西职业技术学院', '', ''),('1324', '10522', '商洛职业技术学院', '', ''),('1325', '10523', '铜川职业技术学院', '', ''),('1326', '10524', '渭南职业技术学院', '', ''),('1327', '10525', '西安电力高等专科学校', '', ''),('1328', '10526', '西安东方亚太职业技术学院', '', ''),('1329', '10527', '西安高新科技职业学院', '', ''),('1330', '10528', '西安工程大学', '', ''),('1331', '10529', '西安海棠职业学院', '', ''),('1332', '10531', '西安航空职业技术学院', '', ''),('1333', '10532', '西安交通工程学院', '', ''),('1334', '10533', '西安汽车科技职业学院', '', ''),('1335', '10534', '西安三资职业学院', '', ''),('1336', '10535', '西安思源学院', '', ''),('1337', '10536', '西安铁路职业技术学院', '', ''),('1338', '10537', '西安职业技术学院', '', ''),('1339', '10538', '咸阳职业技术学院', '', ''),('1340', '10540', '延安职业技术学院', '', ''),('1341', '10541', '杨凌职业技术学院', '', ''),('1342', '10542', '陕西银行学校', '', ''),('1343', '10543', '西安机电信息技术学院', '', ''),('1344', '10544', '陕西教育学院', '', ''),('1345', '10546', '陕西省旅游学校', '', ''),('1346', '10547', '西安铁路工程职工大学', '', ''),('1347', '10549', '西安华西专修大学', '', ''),('1348', '10550', '西安航空职工大学', '', ''),('1349', '10551', '西安建筑科技大学华清学院', '', ''),('1350', '10552', '西安财经学院行知学院', '', ''),('1351', '10553', '陕西科技大学镐京学院', '', ''),('1352', '10554', '西安工业大学北方信息工程学院', '', ''),('1353', '10555', '延安大学西安创新学院', '', ''),('1354', '10556', '西安电子科技大学长安学院', '', ''),('1355', '10559', '西安理工大学高科学院', '', ''),('1356', '10560', '西安科技大学高新学院', '', ''),('1357', '10563', '西安交通大学城市学院', '', ''),('1358', '10564', '西北大学现代学院', '', ''),('1359', '10565', '西安工程技术学院', '', ''),('1360', '10566', '陕西航天职工大学', '', ''),('1361', '10568', '陕西工运学院', '', ''),('1362', '10569', '陕西广播电视大学', '', ''),('1363', '10570', '陕西省建筑职工大学', '', ''),('1364', '10571', '陕西通信技术学院', '', ''),('1365', '10575', '西安航空旅游学院', '', ''),('1366', '10579', '西安工程机械专修学院', '', ''),('1367', '10581', '陕西建设技术学院', '', ''),('1368', '10582', '西安冶金建筑专修学院', '', ''),('1369', '10583', '&nbsp;西安联合职业培训学院', '', ''),('1370', '10584', '西安外贸职工大学', '', ''),('1371', '10585', '西安金融财贸学院', '', ''),('1372', '10586', '西安技师学院', '', '');
INSERT INTO `schools` VALUES ('1373', '11001', '武汉大学', '', ''),('1374', '11002', '华中科技大学', '', ''),('1375', '11003', '华中农大', '', ''),('1376', '11004', '武汉理工', '', ''),('1377', '11005', '中国地质大学（武汉）', '', ''),('1378', '11006', '中南财经政法大学', '', ''),('1379', '11007', '中南民族大学', '', ''),('1380', '11008', '华中师大', '', ''),('1381', '11009', '武汉轻工大学', '', ''),('1382', '11010', '武汉纺织大学', '', ''),('1383', '11011', '湖北中医药大学', '', ''),('1384', '11012', '湖北经济学院', '', ''),('1385', '11013', '湖北警官学院', '', ''),('1386', '11014', '武汉体育学院', '', ''),('1387', '11015', '湖北美院', '', ''),('1388', '11016', '武汉音乐学院', '', ''),('1389', '11017', '武汉生物工程学院', '', ''),('1390', '11018', '湖北工业大学', '', ''),('1391', '11019', '湖北大学', '', ''),('1392', '11020', '江汉大学', '', ''),('1393', '11021', '武汉工大', '', ''),('1394', '11022', '武汉科大', '', ''),('1395', '11023', '湖北美术学院继续教育学院', '', ''),('1396', '11024', '华中农业大学楚天学院', '', ''),('1397', '11025', '湖北科技职业学院', '', ''),('1398', '11026', '三峡旅游职业技术学院', '', ''),('1399', '11027', '武汉广播电视大学', '', ''),('1400', '11028', '武汉大学医学职业技术学院', '', ''),('1401', '11029', '武汉工程大学', '', ''),('1402', '11030', '中国人民解放军军事经济学院', '', ''),('1403', '11031', '湖北省社会科学院', '', ''),('1404', '11051', '长江大学', '', ''),('1405', '11101', '三峡大学', '', ''),('1406', '11151', '湖北汽院', '', ''),('1407', '11152', '湖北医药学院', '', ''),('1408', '11201', '湖北工程学院', '', ''),('1409', '11251', '湖北师范学院', '', ''),('1410', '11252', '湖北理工学院', '', ''),('1411', '11301', '黄冈师院', '', ''),('1412', '11351', '湖北民族学院', '', ''),('1413', '11401', '湖北文理学院', '', ''),('1414', '11451', '湖北科技学院', '', ''),('1415', '11501', '长江工程职业技术学院', '', ''),('1416', '11502', '长江职业学院', '', ''),('1417', '11504', '鄂东职业技术学院', '', ''),('1418', '11505', '鄂州大学', '', ''),('1419', '11507', '恩施职业技术学院', '', ''),('1420', '11509', '湖北财税职业学院', '', ''),('1421', '11510', '湖北城市建设职业技术学院', '', ''),('1422', '11511', '湖北工业大学商贸学院', '', ''),('1423', '11512', '湖北国土资源职业学院', '', ''),('1424', '11514', '湖北交通职业技术学院', '', ''),('1425', '11515', '湖北第二师范学院', '', ''),('1426', '11516', '湖北经济管理干部学院', '', ''),('1427', '11517', '湖北开放职业学院', '', ''),('1428', '11518', '湖北民族学院科技学院', '', ''),('1429', '11519', '湖北轻工职业技术学院', '', ''),('1430', '11520', '湖北三峡职业技术学院', '', ''),('1431', '11521', '湖北生态工程职业技术学院', '', ''),('1432', '11522', '湖北生物科技职业学院', '', ''),('1433', '11523', '湖北水利水电职业技术学校', '', ''),('1434', '11524', '湖北师范学院文理学院', '', ''),('1435', '11525', '湖北艺术职业学院', '', ''),('1436', '11526', '湖北职业技术学院', '', ''),('1437', '11527', '湖北中医药高等专科学校', '', ''),('1438', '11528', '黄冈科技职业学院', '', ''),('1439', '11529', '黄冈职业技术学院', '', ''),('1440', '11530', '江汉艺术职业学院', '', ''),('1441', '11531', '荆楚理工学院', '', ''),('1442', '11532', '荆州职业技术学院', '', ''),('1443', '11533', '荆州理工职业学院', '', ''),('1444', '11535', '湖北工业职业技术学院', '', ''),('1445', '11536', '随州职业技术学院', '', ''),('1446', '11537', '武汉船舶职业技术学院', '', ''),('1447', '11538', '武汉电力职业技术学院', '', ''),('1448', '11539', '武汉工程职业技术学院', '', ''),('1449', '11542', '武汉航海职业技术学院', '', ''),('1450', '11543', '武汉交通职业学院', '', ''),('1451', '11544', '武汉警官职业学院', '', ''),('1452', '11545', '武汉科技职业学院', '', ''),('1453', '11546', '武汉理工大学华夏学院', '', ''),('1454', '11547', '武汉民政职业学院', '', ''),('1455', '11548', '武汉软件工程职业学院', '', ''),('1456', '11549', '武汉商贸学院', '', ''),('1457', '11550', '武汉商学院', '', ''),('1458', '11552', '武汉铁路职业技术学院', '', ''),('1459', '11553', '武汉外语外事职业学院', '', ''),('1460', '11554', '武汉信息传播职业技术学院', '', ''),('1461', '11556', '武汉职业技术学院', '', ''),('1462', '11557', '仙桃职业学院', '', ''),('1463', '11558', '咸宁职业技术学院', '', ''),('1464', '11559', '襄阳职业技术学院', '', ''),('1465', '11560', '湖北工程学院新技术学院', '', ''),('1466', '11561', '郧阳师范高等专科学校', '', ''),('1467', '11562', '武汉长江工商学院', '', ''),('1468', '11563', '黄冈广播电视大学', '', ''),('1469', '11564', '华中科技大学文华学院', '', ''),('1470', '11566', '汉口学院', '', ''),('1471', '11567', '湖北大学知行学院', '', ''),('1472', '11568', '三峡大学科技学院', '', ''),('1473', '11569', '武昌理工学院', '', ''),('1474', '11570', '湖北工业大学工程技术学院', '', ''),('1475', '11571', '武昌工学院', '', ''),('1476', '11572', '武汉工程大学邮电与信息工程学院　', '', ''),('1477', '11573', '武汉纺织大学外经贸学院', '', ''),('1478', '11574', '江汉大学文理学院', '', ''),('1479', '11575', '湖北汽车工业学院科技学院', '', ''),('1480', '11576', '湖北经济学院法商学院　', '', ''),('1481', '11577', '武汉体育学院体育科技学院', '', ''),('1482', '11579', '湖北医药学院药护学院', '', ''),('1483', '11580', '湖北文理学院理工学院', '', ''),('1484', '11581', '武汉工程科技学院', '', ''),('1485', '11582', '长江大学文理学院', '', ''),('1486', '11583', '长江大学工程技术学院', '', ''),('1487', '11584', '华中师范大学武汉传媒学院', '', ''),('1488', '11585', '武汉东湖学院', '', ''),('1489', '11587', '中南财经政法武汉学院', '', ''),('1490', '11588', '华中科技大学武昌分校　', '', ''),('1491', '11589', '武汉工贸职业学院', '', ''),('1492', '11590', '三峡电力职业学院', '', ''),('1493', '11591', '湖北青年职业学院', '', ''),('1494', '11595', '武昌职业学院', '', ''),('1495', '11596', '黄石职业技术学院', '', ''),('1496', '11597', '海军工程大学', '', ''),('1497', '11598', '湖北广播电视大学', '', ''),('1498', '11599', '武汉科技大学城市学院', '', ''),('1499', '11600', '宜昌市商业学校', '', ''),('1500', '11603', '湖北澳新教育专修学院', '', ''),('1501', '11604', '武汉城市建设学院', '', ''),('1502', '11605', '湖北孝感职业技术学院', '', ''),('1503', '11606', '葛洲坝水电工程学院', '', ''),('1504', '11608', '武汉冶金管理干部学院', '', ''),('1505', '11609', '武汉城市职业学院', '', ''),('1506', '11610', '武汉大学珞珈学院', '', '');
INSERT INTO `schools` VALUES ('1507', '12001', '华南理工大学', '', ''),('1508', '12002', '中山大学', '', ''),('1509', '12003', '暨南大学', '', ''),('1510', '12004', '华南师范大学', '', ''),('1511', '12005', '广东工业大学', '', ''),('1512', '12006', '华南农业大学', '', ''),('1513', '12007', '广州大学', '', ''),('1514', '12008', '广东外语外贸大学', '', ''),('1515', '12009', '广州中医药大学', '', ''),('1516', '12010', '南方医科大学', '', ''),('1517', '12011', '南方科技大学', '', ''),('1518', '12012', '仲恺农业工程学院', '', ''),('1519', '12013', '广州医科大学', '', ''),('1520', '12014', '广东药学院', '', ''),('1521', '12015', '广东金融学院', '', ''),('1522', '12016', '广东财经大学', '', ''),('1523', '12017', '广东警官学院', '', ''),('1524', '12018', '广州体育学院', '', ''),('1525', '12019', '广州美术学院', '', ''),('1526', '12020', '星海音乐学院', '', ''),('1527', '12021', '广东技术师范学院', '', ''),('1528', '12022', '广东培正学院', '', ''),('1529', '12023', '广东白云学院', '', ''),('1530', '12024', '清华大学深圳研究生院', '', ''),('1531', '12025', '东莞职业技术学院', '', ''),('1532', '12026', '广东环境保护工程职业学院', '', ''),('1533', '12027', '广东省机械技师学院', '', ''),('1534', '12028', '哈尔滨工业大学深圳研究生院', '', ''),('1535', '12029', '广东省心血管病研究所', '', ''),('1536', '12030', '广东省轻工业高级技师学院', '', ''),('1537', '12031', '广州华商职业学院', '', ''),('1538', '12032', '广州华夏职业学院', '', ''),('1539', '12033', '广东技术师范学院天河学院', '', ''),('1540', '12034', '广东石油化工学院高州师范学院', '', ''),('1541', '12035', '深圳技师学院', '', ''),('1542', '12036', '湛江广播电视大学', '', ''),('1543', '12037', '广东省城市建设技师学院', '', ''),('1544', '12038', '广东创新科技职业学院', '', ''),('1545', '12039', '香港中文大学（深圳） ', '', ''),('1546', '12051', '深圳大学', '', ''),('1547', '12101', '汕头大学', '', ''),('1548', '12151', '五邑大学', '', ''),('1549', '12201', '肇庆学院', '', ''),('1550', '12251', '广东石油化工学院', '', ''),('1551', '12301', '东莞理工学院', '', ''),('1552', '12351', '广东医学院', '', ''),('1553', '12352', '湛江师范学院', '', ''),('1554', '12353', '广东海洋大学', '', ''),('1555', '12401', '韶关学院', '', ''),('1556', '12451', '韩山师范学院', '', ''),('1557', '12501', '嘉应学院', '', ''),('1558', '12551', '惠州学院', '', ''),('1559', '12601', '佛山科学技术学院', '', ''),('1560', '12602', '中山大学南方学院', '', ''),('1561', '12603', '广东外语外贸大学南国商学院', '', ''),('1562', '12604', '华南理工大学广州学院', '', ''),('1563', '12701', '北京理工大学珠海学院', '', ''),('1564', '12702', '北京师范大学珠海分校', '', ''),('1565', '12703', '电子科技大学中山学院', '', ''),('1566', '12704', '东莞理工学院城市学院', '', ''),('1567', '12705', '广东科技学院', '', ''),('1568', '12706', '番禺职业技术学院', '', ''),('1569', '12707', '佛山职业技术学院', '', ''),('1570', '12708', '广东财经职业学院', '', ''),('1571', '12709', '广东潮汕职业技术学院', '', ''),('1572', '12710', '广东职业技术学院', '', ''),('1573', '12711', '广东工程职业技术学院', '', ''),('1574', '12712', '广东工贸职业技术学院', '', ''),('1575', '12713', '广东工业大学华立学院', '', ''),('1576', '12714', '广东海洋大学寸金学院', '', ''),('1577', '12715', '广东海洋大学海滨学院', '', ''),('1578', '12717', '广东机电职业技术学院', '', ''),('1579', '12719', '广东建华职业学院', '', ''),('1580', '12720', '广东建设职业技术学院', '', ''),('1581', '12721', '广东交通职业技术学院', '', ''),('1582', '12722', '广东第二师范学院', '', ''),('1583', '12723', '广东科学技术职业学院', '', ''),('1584', '12724', '广东理工职业学院', '', ''),('1585', '12725', '广东岭南职业技术学院', '', ''),('1586', '12726', '广东农工商职业技术学院', '', ''),('1587', '12727', '广东女子职业技术学院', '', ''),('1588', '12728', '广东轻工职业技术学院', '', ''),('1589', '12729', '广东省新闻出版技师学院', '', ''),('1590', '12730', '广东水利电力职业技术学院', '', ''),('1591', '12731', '广东司法警官职业学院', '', ''),('1592', '12732', '广东松山职业技术学院', '', ''),('1593', '12733', '广东体育职业技术学院', '', ''),('1594', '12734', '广东外语外贸大学公开学院', '', ''),('1595', '12735', '广东外语艺术职业学院', '', ''),('1596', '12736', '广东文艺职业学院', '', ''),('1597', '12737', '广东新安职业技术学院', '', ''),('1598', '12738', '广东行政职业学院', '', ''),('1599', '12739', '广东亚视演艺职业学院', '', ''),('1600', '12740', '广东邮电职业技术学院', '', ''),('1601', '12741', '广州城市职业学院', '', ''),('1602', '12743', '广州大学华软软件学院', '', ''),('1603', '12744', '广州大学市政技术学院', '', ''),('1604', '12745', '广州大学松田学院', '', ''),('1605', '12746', '广州工程技术职业学院', '', ''),('1606', '12747', '广州工商职业技术学院', '', ''),('1607', '12748', '广州航海学院', '', ''),('1608', '12749', '广州华立科技职业学院', '', ''),('1609', '12750', '广州华南商贸职业学院', '', ''),('1610', '12751', '广州康大职业技术学院', '', ''),('1611', '12752', '广州科技贸易职业学院', '', ''),('1612', '12753', '广州科技职业技术学院', '', ''),('1613', '12754', '广州民航职业技术学院', '', ''),('1614', '12755', '广州南洋理工职业学院', '', ''),('1615', '12756', '广州涉外经济职业技术学院', '', ''),('1616', '12757', '广州体育职业技术学院', '', ''),('1617', '12758', '广州铁路职业技术学院', '', ''),('1618', '12759', '广州现代信息工程职业技术学院', '', ''),('1619', '12760', '河源职业技术学院', '', ''),('1620', '12761', '华澳国际会计学院', '', ''),('1621', '12762', '华南农业大学珠江学院', '', ''),('1622', '12763', '华南师范大学增城学院', '', ''),('1623', '12764', '惠州经济职业技术学院', '', ''),('1624', '12765', '吉林大学珠海学院', '', ''),('1625', '12766', '江门职业技术学院', '', ''),('1626', '12767', '揭阳职业技术学院', '', ''),('1627', '12768', '罗定职业技术学院', '', ''),('1628', '12769', '茂名职业技术学院', '', ''),('1629', '12770', '南华工商学院', '', ''),('1630', '12771', '南海东软信息技术学院', '', ''),('1631', '12772', '清远职业技术学院', '', ''),('1632', '12773', '汕头职业技术学院', '', ''),('1633', '12774', '汕尾职业技术学院', '', ''),('1634', '12775', '深圳信息职业技术学院', '', ''),('1635', '12776', '深圳振西科技学院', '', ''),('1636', '12777', '深圳职业技术学院', '', ''),('1637', '12778', '顺德职业技术学院', '', ''),('1638', '12779', '私立华联学院', '', ''),('1639', '12780', '阳江职业技术学院', '', ''),('1640', '12781', '湛江技师学院', '', ''),('1641', '12783', '湛师基础教育学院', '', ''),('1642', '12784', '肇庆工商职业技术学院', '', ''),('1643', '12785', '肇庆科技职业技术学院', '', ''),('1644', '12786', '肇庆医学高等专科学校', '', ''),('1645', '12787', '中山火炬职业技术学院', '', ''),('1646', '12788', '珠海城市职业技术学院', '', ''),('1647', '12789', '珠海艺术职业学院', '', ''),('1648', '12790', '遵义医学院珠海校区', '', ''),('1649', '12791', '广东技术师范学院天河分校', '', ''),('1650', '12792', '广东科学技术职业学院国防工大', '', ''),('1651', '12793', '茂名广播电视大学', '', ''),('1652', '12794', '广东石油化工职业技术学校', '', ''),('1653', '12795', '中山大学新华学院', '', ''),('1654', '12796', '广东商学院华商学院', '', ''),('1655', '12797', '南开大学深圳金融工程学院', '', ''),('1656', '12798', '北京师范大学－香港浸会大学联合国际学院', '', ''),('1657', '12799', '广州金桥管理干部学院', '', ''),('1658', '12800', '广州大学纺织服装学院', '', ''),('1659', '12801', '华南师范大学南海校区', '', ''),('1660', '12802', '暨南大学深圳旅游学院', '', ''),('1661', '12803', '暨南大学珠海学院', '', ''),('1662', '12804', '潮汕职业技术学院', '', ''),('1663', '12805', '广东科贸职业学院', '', ''),('1664', '12806', '中山职业技术学院', '', ''),('1665', '12807', '广东省外语艺术职业学院', '', ''),('1666', '12809', '广东食品药品职业学院', '', ''),('1667', '12810', '广州城建职业学院', '', ''),('1668', '12811', '湛江现代科技职业学院', '', ''),('1669', '12812', '广州松田职业学院', '', ''),('1670', '12813', '广州珠江职业技术学院', '', ''),('1671', '12814', '广东新华教育学院', '', ''),('1672', '12815', '广东省广播电视大学', '', ''),('1673', '12816', '广东社会科学大学', '', ''),('1674', '12817', '广东青年管理干部学院', '', ''),('1675', '12818', '深圳市广播电视大学', '', ''),('1676', '12819', '广州市广播电视大学', '', ''),('1677', '12820', '韶关市职工大学', '', ''),('1678', '12821', '汕头市业余大学', '', ''),('1679', '12822', '广东省国防工业职工大学', '', ''),('1680', '12823', '南海成人学院', '', ''),('1681', '12824', '广东省电子商务技师学院', '', ''),('1682', '12825', '深圳信息学院', '', ''),('1683', '12827', '江门市广播电视大学', '', ''),('1684', '12828', '北京大学深圳研究生院', '', ''),('1685', '12829', '江门艺华旅游职业学院', '', '');
INSERT INTO `schools` VALUES ('1686', '13001', '湖南师大', '', ''),('1687', '13002', '中南大学', '', ''),('1688', '13003', '湖南大学', '', ''),('1689', '13004', '长沙理工', '', ''),('1690', '13005', '湖南农大', '', ''),('1691', '13006', '湖南中医药', '', ''),('1692', '13007', '中南林业科技大学', '', ''),('1693', '13008', '长沙学院', '', ''),('1694', '13009', '长沙医学院', '', ''),('1695', '13010', '湖南涉外经济学院', '', ''),('1696', '13011', '湖南商学院', '', ''),('1697', '13012', '湖南人文科技', '', ''),('1698', '13013', '湖南三一工业职业技术学院', '', ''),('1699', '13014', '湖南食品药品职业学院', '', ''),('1700', '13015', '湖南长沙新华电脑学院', '', ''),('1701', '13016', '国防科学技术大学', '', ''),('1702', '13017', '湖南万通汽修学校', '', ''),('1703', '13018', '湘南幼儿师范高等专科学校', '', ''),('1704', '13051', '湘潭大学', '', ''),('1705', '13052', '湖南科大', '', ''),('1706', '13053', '湖南工程学院', '', ''),('1707', '13101', '南华大学', '', ''),('1708', '13151', '吉首大学', '', ''),('1709', '13201', '湖南工大', '', ''),('1710', '13251', '湖南城市学院', '', ''),('1711', '13301', '湖南理工学院', '', ''),('1712', '13351', '湘南学院', '', ''),('1713', '13401', '衡阳师院', '', ''),('1714', '13451', '湖南文理', '', ''),('1715', '13501', '怀化学院', '', ''),('1716', '13551', '湖南科技学院', '', ''),('1717', '13601', '邵阳学院', '', ''),('1718', '13701', '保险职业学院', '', ''),('1719', '13702', '长沙电力职业技术学院', '', ''),('1720', '13703', '长沙航空职业学院', '', ''),('1721', '13704', '长沙环境保护职业技术学院', '', ''),('1722', '13705', '长沙民政职业技术学院', '', ''),('1723', '13706', '长沙南方职业学院', '', ''),('1724', '13707', '长沙商贸旅游职业技术学院', '', ''),('1725', '13710', '长沙师范学院', '', ''),('1726', '13711', '湖南邮电职业技术学院', '', ''),('1727', '13712', '长沙职工大学', '', ''),('1728', '13713', '长沙职业技术学院', '', ''),('1729', '13714', '常德职业技术学院', '', ''),('1730', '13715', '郴州职业技术学院', '', ''),('1731', '13716', '衡阳财经工业职业技术学院', '', ''),('1732', '13717', '湖南安全技术职业学院', '', ''),('1733', '13718', '湖南财政经济学院', '', ''),('1734', '13719', '湖南城建职业技术学院', '', ''),('1735', '13720', '湖南大众传媒学院', '', ''),('1736', '13721', '湖南第一师范学院', '', ''),('1737', '13722', '湖南外贸职业学院', '', ''),('1738', '13723', '湖南工程职业技术学院', '', ''),('1739', '13724', '湖南工学院', '', ''),('1740', '13725', '湖南工业职业技术学院', '', ''),('1741', '13726', '湖南工艺美术职业学院', '', ''),('1742', '13727', '湖南警察学院', '', ''),('1743', '13728', '湖南广播电视大学', '', ''),('1744', '13729', '湖南化工职业技术学院', '', ''),('1745', '13730', '湖南环境生物职业技术学院', '', ''),('1746', '13731', '湖南机电职业技术学院', '', ''),('1747', '13732', '湖南建材高等专科学校', '', ''),('1748', '13733', '湖南高速铁路职业技术学院', '', ''),('1749', '13734', '湖南交通职业技术学院', '', ''),('1750', '13735', '湖南经济干部管理学院', '', ''),('1751', '13736', '湖南九嶷职业技术学院', '', ''),('1752', '13737', '湖南交通工程学院', '', ''),('1753', '13738', '湖南科技职业学院', '', ''),('1754', '13739', '湖南理工职业技术学院', '', ''),('1755', '13740', '湖南娄底远东职业学校', '', ''),('1756', '13741', '湖南民族职业学院', '', ''),('1757', '13742', '湖南农业大学国际学院', '', ''),('1758', '13743', '湖南女子学院', '', ''),('1759', '13744', '湖南软件职业技术学院', '', ''),('1760', '13745', '湖南商务职业技术学院', '', ''),('1761', '13747', '湖南生物机电职业技术学院', '', ''),('1762', '13749', '湖南省水利水电职业技术学院', '', ''),('1763', '13750', '湖南石油化工职业技术学院', '', ''),('1764', '13751', '湖南税务高等专科学校', '', ''),('1765', '13752', '湖南司法警官职业技术学院', '', ''),('1766', '13753', '湖南体育职业学院', '', ''),('1767', '13754', '湖南铁道职业技术学院', '', ''),('1768', '13755', '湖南铁路科技职业技术学院', '', ''),('1769', '13756', '湖南同德职业学院', '', ''),('1770', '13757', '湖南网络工程职业学院', '', ''),('1771', '13758', '湖南现代物流职业技术学院', '', ''),('1772', '13759', '湖南信息科学职业学院', '', ''),('1773', '13760', '湖南信息职业技术学院', '', ''),('1774', '13761', '湖南行政学院', '', ''),('1775', '13762', '湖南冶金职业技术学院', '', ''),('1776', '13763', '湖南艺术职业学院', '', ''),('1777', '13764', '湖南中医药高等专科学校', '', ''),('1778', '13765', '怀化医学高等专科学校', '', ''),('1779', '13766', '怀化职业技术学院', '', ''),('1780', '13768', '娄底理工学院', '', ''),('1781', '13769', '娄底市卫生学校', '', ''),('1782', '13770', '娄底职业技术学院', '', ''),('1783', '13771', '邵阳医学高等专科学校', '', ''),('1784', '13772', '邵阳职业技术学院', '', ''),('1785', '13773', '湘潭职业技术学院', '', ''),('1786', '13774', '湘西民族职业技术学院', '', ''),('1787', '13775', '潇湘职业学院', '', ''),('1788', '13776', '益阳职业技术学院', '', ''),('1789', '13777', '永州职业技术学院', '', ''),('1790', '13778', '岳阳职业技术学院', '', ''),('1791', '13779', '张家界航空工业职业技术学院', '', ''),('1792', '13780', '株洲师范高等专科学校', '', ''),('1793', '13781', '株洲职业技术学院', '', ''),('1794', '13782', '湘潭大学兴湘学院', '', ''),('1795', '13783', '湖南工业大学科技学院', '', ''),('1796', '13784', '湖南科技大学潇湘学院', '', ''),('1797', '13785', '南华大学船山学院', '', ''),('1798', '13786', '湖南商学院北津学院', '', ''),('1799', '13787', '湖南师范大学树达学院', '', ''),('1800', '13788', '湖南农业大学东方科技学院', '', ''),('1801', '13789', '中南林业科技大学涉外学院', '', ''),('1802', '13790', '湖南文理学院芙蓉学院', '', ''),('1803', '13791', '湖南理工学院南湖学院', '', ''),('1804', '13792', '衡阳师范学院南岳学院', '', ''),('1805', '13793', '湖南工程学院应用技术学院', '', ''),('1806', '13794', '湖南中医药大学湘杏学院', '', ''),('1807', '13795', '吉首大学张家界学院', '', ''),('1808', '13796', '长沙理工大学城南学院', '', ''),('1809', '13797', '湖南都市职业学院', '', ''),('1810', '13798', '湖南电子科技职业学院', '', ''),('1811', '13799', '湖南外国语职业学院', '', ''),('1812', '13805', '湖南生物与机电工程职业技术学院', '', ''),('1813', '13806', '湖南科技工业职业技术学院', '', ''),('1814', '13807', '衡阳工业职工大学', '', ''),('1815', '13808', '湘西民族教师进修学院', '', ''),('1816', '13809', '湖南有色金属职工大学', '', ''),('1817', '13810', '湖南纺织职工大学湖', '', ''),('1818', '13811', '湖南金融技术职工大学', '', ''),('1819', '13812', '益阳教育学院', '', ''),('1820', '13813', '长沙工业职工大学', '', ''),('1821', '13814', '湖南兵器工业职工大学', '', ''),('1822', '13815', '长沙教育学院', '', ''),('1823', '13816', '衡阳有色冶金职工大学', '', ''),('1824', '13817', '株洲市职工大学', '', ''),('1825', '13819', '湖南工业科技职工大学', '', ''),('1826', '13820', '南方动力机械公司职工工学院', '', ''),('1827', '13821', '益阳医学高等专科学校', '', ''),('1828', '13825', '湖南电气职业技术学院', '', '');
INSERT INTO `schools` VALUES ('1829', '14001', '兰州大学', '', ''),('1830', '14002', '西北民大', '', ''),('1831', '14003', '西北师范大学', '', ''),('1832', '14004', '甘肃中医学院', '', ''),('1833', '14005', '兰州商学院', '', ''),('1834', '14006', '甘肃政法学院', '', ''),('1835', '14007', '兰州城市学院', '', ''),('1836', '14008', '甘肃农大', '', ''),('1837', '14009', '兰州理工', '', ''),('1838', '14010', '兰州交大', '', ''),('1839', '14011', '西北师范大学知行学院', '', ''),('1840', '14012', '甘肃机电职业技术学院', '', ''),('1841', '14013', '长庆石油高级技工学校', '', ''),('1842', '14014', '白银矿冶职业技术学院', '', ''),('1843', '14015', '甘肃广播电视大学', '', ''),('1844', '14016', '甘肃核工业职工大学', '', ''),('1845', '14017', '甘肃有色冶金职业技术学院', '', ''),('1846', '14018', '兰州服装职工大学', '', ''),('1847', '14019', '兰州航空工业职工大学', '', ''),('1848', '14020', '兰州铁路工程职工大学', '', ''),('1849', '14021', '银光化学材料厂职工大学', '', ''),('1850', '14022', '兰州交通大学铁道技术学院', '', ''),('1851', '14051', '天水师院', '', ''),('1852', '14101', '陇东学院', '', ''),('1853', '14151', '河西学院', '', ''),('1854', '14201', '兰州石化职业技术学院', '', ''),('1855', '14202', '甘肃工业职业技术学院', '', ''),('1856', '14203', '甘肃警察职业学院', '', ''),('1857', '14204', '兰州理工大学技术工程学院', '', ''),('1858', '14205', '兰州职业技术学院', '', ''),('1859', '14206', '武威职业学院', '', ''),('1860', '14207', '张掖医学高等专科学校', '', ''),('1861', '14208', '甘肃畜牧工程职业技术学院', '', ''),('1862', '14209', '陇南师范高等专科学校', '', ''),('1863', '14210', '甘肃民族师范学院', '', ''),('1864', '14211', '兰州文理学院', '', ''),('1865', '14212', '甘肃林业职业技术学院', '', ''),('1866', '14213', '甘肃建筑职业技术学院', '', ''),('1867', '14214', '酒泉职业技术学院', '', ''),('1868', '14216', '甘肃农业职业技术学院', '', ''),('1869', '14217', '平凉医学高等专科学校', '', ''),('1870', '14218', '兰州资源环境职业技术学院', '', ''),('1871', '14219', '定西师范高等专科学校', '', ''),('1872', '14220', '兰州交通大学博文学院', '', ''),('1873', '14221', '兰州工业学院', '', ''),('1874', '14222', '兰州外语职业学院', '', ''),('1875', '14223', '兰州教育学院', '', ''),('1876', '14224', '甘肃钢铁职业技术学院', '', ''),('1877', '14225', '甘肃交通职业技术学院', '', ''),('1878', '14226', '兰州商学院长青学院', '', ''),('1879', '14227', '兰州商学院陇桥学院', '', '');
INSERT INTO `schools` VALUES ('1880', '15001', '四川大学', '', ''),('1881', '15002', '四川农大', '', ''),('1882', '15003', '电子科技大学', '', ''),('1883', '15004', '西南交通大学', '', ''),('1884', '15005', '成都理工大学', '', ''),('1885', '15006', '四川师大', '', ''),('1886', '15007', '西南民族大学', '', ''),('1887', '15008', '成都大学', '', ''),('1888', '15009', '西南财经', '', ''),('1889', '15010', '西华大学', '', ''),('1890', '15011', '成都中医药', '', ''),('1891', '15012', '成都信息工程大学', '', ''),('1892', '15013', '成都医学院', '', ''),('1893', '15014', '四川文理学院', '', ''),('1894', '15015', '成都体育学院', '', ''),('1895', '15016', '四川艺术大学', '', ''),('1896', '15017', '西南石油大学', '', ''),('1897', '15018', '西南交通大学希望学院', '', ''),('1898', '15019', '四川长江职业学院', '', ''),('1899', '15020', '四川传媒学院', '', ''),('1900', '15021', '四川现代职业学院', '', ''),('1901', '15022', '西南交通大学峨眉校区', '', ''),('1902', '15023', '四川中山学院', '', ''),('1903', '15024', '四川省社会科学院', '', ''),('1904', '15025', '四川幼儿师范高等专科学校', '', ''),('1905', '15026', '中共四川省委党校', '', ''),('1906', '15027', '中国科学院成都分院', '', ''),('1907', '15051', '中国民航飞行学院', '', ''),('1908', '15101', '四川理工', '', ''),('1909', '15151', '泸州医学院', '', ''),('1910', '15152', '四川警察学院', '', ''),('1911', '15201', '川北医学院', '', ''),('1912', '15202', '西华师范大学', '', ''),('1913', '15251', '内江师范', '', ''),('1914', '15301', '乐山师院', '', ''),('1915', '15351', '绵阳师范', '', ''),('1916', '15352', '西南科技大学', '', ''),('1917', '15401', '西昌学院', '', ''),('1918', '15451', '宜宾学院', '', ''),('1919', '15501', '攀枝花学院', '', ''),('1920', '15601', '阿坝师范高等专科学校', '', ''),('1921', '15602', '成都工业学院', '', ''),('1922', '15603', '成都东软学院', '', ''),('1923', '15604', '成都纺织高等专科学校', '', ''),('1924', '15605', '成都广播电视大学', '', ''),('1925', '15606', '成都航空职业技术学院', '', ''),('1926', '15608', '成都农业科技职业学院', '', ''),('1927', '15610', '成都艺术职业学院', '', ''),('1928', '15611', '成都职业技术学院', '', ''),('1929', '15612', '达州职业技术学院', '', ''),('1930', '15613', '电子科技大学成都学院', '', ''),('1931', '15614', '广安职业技术学院', '', ''),('1932', '15616', '乐山职业技术学院', '', ''),('1933', '15617', '泸州职业技术学院', '', ''),('1934', '15618', '眉山职业技术学院', '', ''),('1935', '15619', '绵阳职业技术学院', '', ''),('1936', '15620', '民办四川天一学院', '', ''),('1937', '15621', '内江职业技术学院', '', ''),('1938', '15622', '南充职业技术学院', '', ''),('1939', '15623', '四川大学龙泉校区', '', ''),('1940', '15624', '四川电力职业技术学院', '', ''),('1941', '15625', '四川工程职业技术学院', '', ''),('1942', '15626', '四川工商职业技术学院', '', ''),('1943', '15627', '四川管理职业学院', '', ''),('1944', '15628', '四川广播电视大学', '', ''),('1945', '15629', '四川国际标榜职业学院', '', ''),('1946', '15630', '四川航天职业技术学院', '', ''),('1947', '15631', '四川华新现代职业学院', '', ''),('1948', '15632', '四川化工职业技术学院', '', ''),('1949', '15633', '四川机电职业技术学院', '', ''),('1950', '15634', '四川建筑职业技术学院', '', ''),('1951', '15635', '四川交通职业技术学院', '', ''),('1952', '15636', '成都师范学院', '', ''),('1953', '15637', '四川警安职业学院', '', ''),('1954', '15638', '四川旅游学院 ', '', ''),('1955', '15639', '四川商务职业学院', '', ''),('1956', '15640', '四川师范大学绵阳初等教育学院', '', ''),('1957', '15641', '四川水利职业技术学院', '', ''),('1958', '15642', '四川司法警官职业学院', '', ''),('1959', '15643', '四川托普信息技术职业学院', '', ''),('1960', '15644', '四川外国语大学成都学院', '', ''),('1961', '15645', '四川文化传媒职业学院', '', ''),('1962', '15646', '四川信息工程学校', '', ''),('1963', '15647', '四川邮电职业技术学院', '', ''),('1964', '15648', '四川职业技术学院', '', ''),('1965', '15649', '四川中医药高等专科学校', '', ''),('1966', '15650', '雅安职业技术学院', '', ''),('1967', '15651', '宜宾职业技术学院', '', ''),('1968', '15652', '四川大学锦城学院', '', ''),('1969', '15653', '四川大学锦江学院', '', ''),('1970', '15654', '德阳职业技术学校', '', ''),('1971', '15655', '四川信息职业技术学院', '', ''),('1972', '15656', '四川艺术职业学院', '', ''),('1973', '15657', '四川师范大学成都学院', '', ''),('1974', '15658', '四川师范大学文理学院', '', ''),('1975', '15659', '成都信息工程学院银杏酒店管理学院', '', ''),('1976', '15660', '成都理工大学工程技术学院', '', ''),('1977', '15661', '四川文化产业职业学院', '', ''),('1978', '15662', '四川科技职业学院', '', ''),('1979', '15664', '西南科技大学城市学院', '', ''),('1980', '15665', '四川文化艺术学院 ', '', ''),('1981', '15667', '西南财经大学天府学院', '', ''),('1982', '15677', '四川中医药高等专科学', '', ''),('1983', '15681', '中国科学院成都分院职工大学', '', ''),('1984', '15682', '成都市职工大学', '', ''),('1985', '15683', '南充市职工大学', '', ''),('1986', '15684', '四川省广播电视大学', '', ''),('1987', '15685', '四川经济管理干部学院', '', ''),('1988', '15686', '四川农业管理干部学院', '', ''),('1989', '15687', '广元职工医学院', '', ''),('1990', '15688', '四川省职工运动技术学院', '', ''),('1991', '15689', '四川省东方动力职工大学', '', ''),('1992', '15690', '成都电力职工大学', '', ''),('1993', '15691', '成都市广播电视大学', '', ''),('1994', '15692', '中国工程物理研究院职工工学院', '', ''),('1995', '15693', '成都发动机公司职工大学', '', ''),('1996', '15694', '四川核工业职工大学', '', ''),('1997', '15695', '四川科技职工大学', '', ''),('1998', '15696', '四川省化工职工大学', '', ''),('1999', '15697', '成都电子职工大学', '', ''),('2000', '15698', '国营涪江机器厂职工大学', '', ''),('2001', '15699', '成都冶金职工大学', '', ''),('2002', '15700', '第五冶金建设公司职工大学', '', ''),('2003', '15701', '成都工业职工大学', '', ''),('2004', '15702', '成都飞机工业公司职工工学院', '', ''),('2005', '15704', '四川财经职业学院', '', ''),('2006', '15706', '四川城市职业学院', '', ''),('2007', '15707', '中国五冶职工大学', '', ''),('2008', '15708', '四川师范大学经济职业学院', '', ''),('2009', '15711', '四川省卫生管理干部学院', '', ''),('2010', '15714', '四川民族学院', '', ''),('2011', '15715', '四川电影电视学院', '', '');
INSERT INTO `schools` VALUES ('2012', '16001', '山东大学', '', ''),('2013', '16002', '中国海洋大学', '', ''),('2014', '16003', '济南大学', '', ''),('2015', '16004', '山东建筑大学', '', ''),('2016', '16005', '山东师大', '', ''),('2017', '16006', '山东财经大学', '', ''),('2018', '16007', '山东中医药', '', ''),('2019', '16008', '齐鲁工业大学', '', ''),('2020', '16009', '山东交通学院', '', ''),('2021', '16010', '山东警院', '', ''),('2022', '16011', '山东体育学院', '', ''),('2023', '16012', '山东艺术学院', '', ''),('2024', '16013', '山东工美', '', ''),('2025', '16014', '山东海事职业学院', '', ''),('2026', '16015', '曲阜师大', '', ''),('2027', '16016', '北京电影学院现代创意媒体学院', '', ''),('2028', '16017', '华鲁航空专业学校', '', ''),('2029', '16018', '山东水利技师学院', '', ''),('2030', '16019', '菏泽职业学院', '', ''),('2031', '16020', '济南幼儿师范学校', '', ''),('2032', '16021', '泰安护理职业学院', '', ''),('2033', '16022', '枣庄职业学院', '', ''),('2034', '16023', '国家海洋局第一海洋研究所', '', ''),('2035', '16024', '哈尔滨理工大学（荣成校区）', '', ''),('2036', '16025', '青岛师范学校', '', ''),('2037', '16026', '潍坊护理职业学院', '', ''),('2038', '16051', '烟台大学', '', ''),('2039', '16052', '鲁东大学', '', ''),('2040', '16053', '山东工商', '', ''),('2041', '16054', '烟台南山学院', '', ''),('2042', '16101', '青岛大学', '', ''),('2043', '16102', '山东科大', '', ''),('2044', '16103', '青岛科大', '', ''),('2045', '16104', '青岛理工', '', ''),('2046', '16105', '青岛农业大学', '', ''),('2047', '16106', '滨海学院', '', ''),('2048', '16151', '中国石油大学（华东）', '', ''),('2049', '16201', '聊城大学', '', ''),('2050', '16251', '山东理工', '', ''),('2051', '16301', '潍坊医学院', '', ''),('2052', '16302', '潍坊学院', '', ''),('2053', '16351', '泰山医学院', '', ''),('2054', '16353', '泰山学院', '', ''),('2055', '16354', '山东农大', '', ''),('2056', '16401', '滨州医学院', '', ''),('2057', '16402', '滨州学院', '', ''),('2058', '16451', '济宁医学院', '', ''),('2059', '16501', '临沂大学', '', ''),('2060', '16551', '德州学院', '', ''),('2061', '16601', '枣庄学院', '', ''),('2062', '16651', '菏泽学院', '', ''),('2063', '16701', '滨州职业学院', '', ''),('2064', '16702', '德州教育学院', '', ''),('2065', '16703', '德州科技职业学院', '', ''),('2066', '16704', '东营职业学院', '', ''),('2067', '16705', '哈工大(威海)', '', ''),('2068', '16706', '菏泽医学专科学校', '', ''),('2069', '16707', '济南工程职业技术学院', '', ''),('2070', '16708', '山东职业学院', '', ''),('2071', '16709', '济南职业学院', '', ''),('2072', '16710', '济宁学院', '', ''),('2073', '16711', '济宁职业技术学院', '', ''),('2074', '16712', '莱芜职业技术学院', '', ''),('2075', '16713', '聊城职业技术学院', '', ''),('2076', '16714', '青岛飞洋职业技术学院', '', ''),('2077', '16715', '青岛港湾职业技术学院', '', ''),('2078', '16716', '青岛恒星科技学院 ', '', ''),('2079', '16717', '青岛黄海学院', '', ''),('2080', '16719', '青岛求实职业技术学院', '', ''),('2081', '16720', '青岛远洋船员学院', '', ''),('2082', '16721', '青岛职业技术学院', '', ''),('2083', '16722', '曲阜远东职业技术学院', '', ''),('2084', '16723', '日照职业技术学院', '', ''),('2085', '16724', '山东大王职业学院', '', ''),('2086', '16725', '山东大学（威海）', '', ''),('2087', '16726', '山东电力高等专科学校', '', ''),('2088', '16727', '山东电子职业技术学院', '', ''),('2089', '16729', '山东服装职业学院', '', ''),('2090', '16730', '山东工业职业学院', '', ''),('2091', '16731', '山东华宇职业技术学院', '', ''),('2092', '16732', '山东化工职业学院', '', ''),('2093', '16733', '山东交通职业学院', '', ''),('2094', '16734', '山东经贸职业学院', '', ''),('2095', '16736', '山东凯文科技职业学院', '', ''),('2096', '16737', '山东科技职业学院', '', ''),('2097', '16738', '山东劳动职业技术学院', '', ''),('2098', '16739', '山东力明科技职业学院', '', ''),('2099', '16740', '山东旅游职业学院', '', ''),('2100', '16741', '山东铝业职业学院', '', ''),('2101', '16742', '山东商业职业技术学院', '', ''),('2102', '16744', '山东省青岛酒店管理学院', '', ''),('2103', '16745', '山东水利职业技术学院', '', ''),('2104', '16746', '山东省潍坊艺术学校', '', ''),('2105', '16747', '山东圣翰财贸职业学院', '', ''),('2106', '16748', '山东水利职业学院', '', ''),('2107', '16749', '山东水利专科学校', '', ''),('2108', '16750', '山东丝绸纺织职业学院', '', ''),('2109', '16751', '山东外国语职业学院', '', ''),('2110', '16752', '山东外贸职业学院', '', ''),('2111', '16753', '山东外事翻译学院威海分校', '', ''),('2112', '16754', '山东外事翻译职业学院', '', ''),('2113', '16755', '山东万杰医学院', '', ''),('2114', '16756', '山东威海财经专修学院', '', ''),('2115', '16757', '山东威海外国语进修学院', '', ''),('2116', '16758', '山东现代职业学院', '', ''),('2117', '16760', '山东信息职业技术学院', '', ''),('2118', '16761', '山东行政学院(山东经济管理干部学院)', '', ''),('2119', '16762', '山东杏林科技职业学院', '', ''),('2120', '16763', '山东畜牧兽医职业学院', '', ''),('2121', '16764', '山东药品食品职业学院', '', ''),('2122', '16765', '山东医学高等专科学校', '', ''),('2123', '16766', '山东英才学院', '', ''),('2124', '16767', '山东政法学院', '', ''),('2125', '16768', '山东中医药高等专科学校', '', ''),('2126', '16769', '泰山职业技术学院', '', ''),('2127', '16770', '万杰科技学院', '', ''),('2128', '16771', '威海市广播电视大学', '', ''),('2129', '16772', '威海市交通学校', '', ''),('2130', '16773', '威海职业(技术)学院', '', ''),('2131', '16774', '威海中加国际工商学院', '', ''),('2132', '16775', '潍坊工商职业学院', '', ''),('2133', '16776', '潍坊工程职业学院', '', ''),('2134', '16777', '潍坊科技学院', '', ''),('2135', '16778', '潍坊职业学院', '', ''),('2136', '16779', '文登师范', '', ''),('2137', '16780', '烟台职业学院', '', ''),('2138', '16781', '枣庄科技职业学院', '', ''),('2139', '16782', '中国石油大学(华东)东营校区', '', ''),('2140', '16783', '淄博广播电视大学', '', ''),('2141', '16784', '淄博恒星外国语学院', '', ''),('2142', '16785', '淄博科技职业学院', '', ''),('2143', '16786', '淄博师专', '', ''),('2144', '16787', '淄博职业学院', '', ''),('2145', '16788', '齐鲁师范学院', '', ''),('2146', '16789', '山东技师学院', '', ''),('2147', '16790', '日照广播电视大学', '', ''),('2148', '16792', '山东城市建设职业学院', '', ''),('2149', '16793', '烟台工程职业技术学院', '', ''),('2150', '16794', '山东商务职业学院', '', ''),('2151', '16795', '烟台汽车工程职业学院', '', ''),('2152', '16796', '山东农业工程学院', '', ''),('2153', '16797', '山东青年政治学院', '', ''),('2154', '16798', '山东管理学院', '', ''),('2155', '16800', '山东广播电视大学', '', ''),('2156', '16812', '德州职业技术学院', '', ''),('2157', '16820', '中国石油大学胜利学院', '', ''),('2158', '16821', '烟台大学文经学院', '', ''),('2159', '16822', '青岛理工大学琴岛学院', '', ''),('2160', '16823', '山东科技大学泰山科技学院', '', ''),('2161', '16824', '青岛工学院', '', ''),('2162', '16825', '山东财经大学燕山学院', '', ''),('2163', '16826', '青岛农业大学海都学院', '', ''),('2164', '16827', '齐鲁理工学院（曲阜校区）', '', ''),('2165', '16828', '山东财经大学东方学院', '', ''),('2166', '16829', '山东师范大学历山学院', '', ''),('2167', '16830', '聊城大学东昌学院', '', ''),('2168', '16831', '济南大学泉城学院', '', ''),('2169', '16832', '中国农业大学（烟台校区）', '', ''),('2170', '16833', '日照师范学校', '', ''),('2171', '16834', '山东艺术设计学院', '', ''),('2172', '16835', '滨州技术学院', '', ''),('2173', '16837', '山东冶金技术学院', '', ''),('2174', '16838', '山东省济宁市技术学院', '', ''),('2175', '16839', '济南广播电视大学', '', ''),('2176', '16840', '山东省聊城教育学院', '', ''),('2177', '16842', '山东财政职工大学', '', ''),('2178', '16843', '青岛市广播电视大学', '', ''),('2179', '16844', '青岛理工大学（临沂）', '', ''),('2180', '16845', '山东兵器工业职工大学', '', ''),('2181', '16846', '新汶矿务局职工大学', '', ''),('2182', '16848', '山东工贸职业学院', '', ''),('2183', '16849', '山东新华学院', '', ''),('2184', '16850', '山东省医学科学院', '', ''),('2185', '16851', '山东化工技术学院', '', ''),('2186', '16852', '山东海天软件工程学院', '', ''),('2187', '16853', '青岛军政人文大学信息工程管理学院', '', ''),('2188', '16855', '山东省第二技术学院', '', ''),('2189', '16856', '临沂职业学院', '', ''),('2190', '16857', '青岛北港学院', '', ''),('2191', '16858', '山东司法警官职业学院', '', ''),('2192', '16861', '菏泽家政职业学院', '', ''),('2193', '16866', '山东理工职业学院', '', ''),('2194', '16867', '威海工业技术学校(原二职)', '', ''),('2195', '16868', '山东传媒学院', '', ''),('2196', '16869', '营口电视大学', '', ''),('2197', '16870', '山东传媒职业学院', '', ''),('2198', '16871', '山东省益都卫生学校', '', ''),('2199', '16873', '山东烟台建文学院', '', ''),('2200', '16874', '山东省潍坊卫生学校', '', ''),('2201', '16875', '寿光科技学院', '', ''),('2202', '16877', '山东协和学院', '', ''),('2203', '16878', '山东省广播电视大学', '', ''),('2204', '16881', '烟台城乡建设学校', '', ''),('2205', '16882', '青岛市电子信息技术学校', '', ''),('2206', '16884', '青岛滨海学院', '', ''),('2207', '16885', '山东医药技师学院', '', ''),('2208', '16887', '济南协和职业学院', '', ''),('2209', '16889', '山东黄金技术学院', '', ''),('2210', '16890', '山东交通学院海运学院', '', ''),('2211', '16892', '山东工业技师学院', '', ''),('2212', '16893', '山东女子学院', '', '');
INSERT INTO `schools` VALUES ('2213', '17001', '厦门大学', '', ''),('2214', '17002', '集美大学', '', ''),('2215', '17003', '厦门理工学院', '', ''),('2216', '17004', '泉州轻工职业学院', '', ''),('2217', '17005', '泉州师范学院软件学院', '', ''),('2218', '17006', '泉州泰山航海职业学院', '', ''),('2219', '17007', '宁德师范学院', '', ''),('2220', '17008', '宁德职业技术学院', '', ''),('2221', '17009', '福州大学厦门工艺美术学院', '', ''),('2222', '17051', '福州大学', '', ''),('2223', '17052', '福建师范大学', '', ''),('2224', '17053', '福建农林大学', '', ''),('2225', '17054', '福建医科大学', '', ''),('2226', '17055', '福建工程学院', '', ''),('2227', '17056', '福建中医药大学', '', ''),('2228', '17057', '闽江学院', '', ''),('2229', '17101', '华侨大学', '', ''),('2230', '17102', '仰恩大学', '', ''),('2231', '17103', '泉州师范学院', '', ''),('2232', '17151', '闽南师范大学', '', ''),('2233', '17201', '莆田学院', '', ''),('2234', '17251', '三明学院', '', ''),('2235', '17301', '龙岩学院', '', ''),('2236', '17303', '厦门大学嘉庚学院', '', ''),('2237', '17304', '集美大学诚毅学院', '', ''),('2238', '17305', '福州大学阳光学院', '', ''),('2239', '17306', '福州大学至诚学院', '', ''),('2240', '17307', '福建师范大学协和学院', '', ''),('2241', '17308', '福建师范大学闽南科技学院', '', ''),('2242', '17309', '福建农林大学东方学院', '', ''),('2243', '17310', '福建农林大学金山学院', '', ''),('2244', '17401', '福建电力职业技术学院', '', ''),('2245', '17402', '福建对外经济贸易职业技术学院', '', ''),('2246', '17403', '福建警察学院', '', ''),('2247', '17404', '福建广播电视大学', '', ''),('2248', '17405', '福建华南女子职业学院', '', ''),('2249', '17406', '福建船政交通职业学院', '', ''),('2250', '17407', '福建教育学院', '', ''),('2251', '17409', '福建警官职业学院', '', ''),('2252', '17410', '福建林业职业技术学院', '', ''),('2253', '17411', '福建农业职业技术学院', '', ''),('2254', '17412', '福建商业高等专科学校', '', ''),('2255', '17413', '福建生物工程职业技术学院', '', ''),('2256', '17414', '福建水利电力职业技术学院', '', ''),('2257', '17415', '福建卫生职业技术学院', '', ''),('2258', '17416', '福建信息职业技术学院', '', ''),('2259', '17418', '福建中医学院五洲科技学院', '', ''),('2260', '17419', '福州海峡职业技术学院', '', ''),('2261', '17420', '福州科技职业技术学院', '', ''),('2262', '17421', '福州黎明职业技术学院', '', ''),('2263', '17422', '福州软件职业技术学院', '', ''),('2264', '17424', '福州英华职业学院', '', ''),('2265', '17425', '福州职业技术学院', '', ''),('2266', '17426', '黎明职业大学', '', ''),('2267', '17427', '湄洲湾职业技术学院', '', ''),('2268', '17428', '闽北职业技术学院', '', ''),('2269', '17429', '闽西职业技术学院', '', ''),('2270', '17430', '武夷学院', '', ''),('2271', '17432', '泉州纺织服装职业学院', '', ''),('2272', '17433', '闽南理工学院', '', ''),('2273', '17434', '泉州华光摄影艺术职业学院', '', ''),('2274', '17435', '泉州经贸职业技术学院', '', ''),('2275', '17436', '泉州信息职业技术学院', '', ''),('2276', '17437', '泉州医学高等专科学校', '', ''),('2277', '17438', '泉州理工职业学院', '', ''),('2278', '17439', '三明职业技术学院', '', ''),('2279', '17440', '厦门海洋职业技术学院', '', ''),('2280', '17441', '厦门华天涉外职业技术学院', '', ''),('2281', '17442', '厦门华厦职业学院', '', ''),('2282', '17443', '厦门南洋学院', '', ''),('2283', '17444', '厦门兴才职业技术学院', '', ''),('2284', '17445', '厦门演艺职业学院', '', ''),('2285', '17446', '漳州职业技术学院', '', ''),('2286', '17447', '福建政法管理干部学院', '', ''),('2287', '17449', '厦门城市职业学院', '', ''),('2288', '17550', '漳州卫生职业学院', '', ''),('2289', '17551', '福建江夏学院', '', ''),('2290', '17552', '福州教育学院', '', ''),('2291', '17553', '厦门市广播电视大学', '', ''),('2292', '17554', '福建财会管理干部学院', '', ''),('2293', '17555', '福建经济管理干部学院', '', ''),('2294', '17556', '福建省漳州业余大学', '', ''),('2295', '17557', '龙岩技师学院', '', ''),('2296', '17558', '德化陶瓷职业技术学院', '', ''),('2297', '17559', '厦门东海学院', '', ''),('2298', '17560', '泉州幼儿师范高等专科学校', '', ''),('2299', '17561', '厦门科技学院', '', ''),('2300', '17562', '福建幼儿师范高等专科学校', '', ''),('2301', '17563', '厦门软件职业技术学院', '', ''),('2302', '17565', '福建艺术职业学校', '', ''),('2303', '17566', '漳州城市职业学院', '', ''),('2304', '17567', '漳州天福茶职业技术学院', '', ''),('2305', '17568', '福州外语外贸学院', '', ''),('2306', '17569', '福建省艺术职业学院', '', ''),('2307', '17570', '厦门医学高等专科学校', '', ''),('2308', '17571', '厦门安防科技学院', '', ''),('2309', '17573', '漳州吉马职业印刷技术学院', '', ''),('2310', '17574', '福建体育职业技术学院', '', ''),('2311', '17575', '厦门安防科技职业学院', '', ''),('2312', '17576', '厦门技师学院', '', ''),('2313', '17577', '华侨大学厦门工学院', '', ''),('2314', '17578', '武夷山职业学院', '', '');
INSERT INTO `schools` VALUES ('2315', '18001', '郑州大学', '', ''),('2316', '18002', '河南工业', '', ''),('2317', '18003', '河南农大', '', ''),('2318', '18004', '华北水利水电大学', '', ''),('2319', '18005', '郑州轻工', '', ''),('2320', '18006', '郑州航空工业', '', ''),('2321', '18007', '黄河科技', '', ''),('2322', '18008', '中原工学院', '', ''),('2323', '18009', '河南中医学院', '', ''),('2324', '18010', '河南财经政法', '', ''),('2325', '18011', '郑州城市职业学院', '', ''),('2326', '18012', '新乡学院', '', ''),('2327', '18013', '开封文化艺术职业学院', '', ''),('2328', '18014', '长垣博大烹饪职业技术学院', '', ''),('2329', '18015', '河南理工大学高等职业学院', '', ''),('2330', '18016', '郑州成功财经学院', '', ''),('2331', '18017', '安阳职业技术学院', '', ''),('2332', '18018', '安阳职业技术学院医药卫生学院', '', ''),('2333', '18019', '安阳护理职业学院', '', ''),('2334', '18020', '安阳幼儿师范高等专科学校', '', ''),('2335', '18021', '长城铝业公司职工工学院', '', ''),('2336', '18022', '长垣烹饪职业技术学院', '', ''),('2337', '18023', '河南护理职业学院', '', ''),('2338', '18024', '河南化工职业学院', '', ''),('2339', '18025', '河南机电职业学院', '', ''),('2340', '18026', '河南推拿职业学院', '', ''),('2341', '18027', '河南艺术职业学院', '', ''),('2342', '18028', '鹤壁汽车工程职业学院', '', ''),('2343', '18029', '焦作工贸职业学院', '', ''),('2344', '18030', '焦作职工医学院', '', ''),('2345', '18031', '开封空分设备厂职工大学', '', ''),('2346', '18032', '洛阳有色金属职工大学', '', ''),('2347', '18033', '洛阳职业技术学院', '', ''),('2348', '18034', '洛阳轴承职工大学', '', ''),('2349', '18035', '漯河食品职业学院', '', ''),('2350', '18036', '磨料磨具工业职工大学', '', ''),('2351', '18037', '南阳职业学院', '', ''),('2352', '18038', '商丘工学院', '', ''),('2353', '18039', '新乡职业技术学院', '', ''),('2354', '18040', '信阳涉外职业技术学院', '', ''),('2355', '18041', '许昌电气职业学院', '', ''),('2356', '18042', '许昌陶瓷职业学院', '', ''),('2357', '18043', '郑州黄河护理职业学院', '', ''),('2358', '18044', '郑州理工职业学院', '', ''),('2359', '18045', '郑州商贸旅游职业学院', '', ''),('2360', '18046', '郑州市职工大学', '', ''),('2361', '18047', '郑州信息工程职业学院', '', ''),('2362', '18048', '郑州幼儿师范高等专科学校', '', ''),('2363', '18049', '驻马店教育学院', '', ''),('2364', '18050', '驻马店职业技术学院', '', ''),('2365', '18051', '河南大学', '', ''),('2366', '18052', '河南科技大学林业职业学院', '', ''),('2367', '18054', '郑州财经学院', '', ''),('2368', '18101', '河南科技大学', '', ''),('2369', '18102', '洛阳师院', '', ''),('2370', '18151', '安阳工学院', '', ''),('2371', '18152', '安阳师范学院', '', ''),('2372', '18201', '南阳理工', '', ''),('2373', '18202', '南阳师院', '', ''),('2374', '18251', '河南城建学院', '', ''),('2375', '18252', '平顶山学院', '', ''),('2376', '18301', '新乡医学院', '', ''),('2377', '18302', '河南科技学院', '', ''),('2378', '18303', '河南师大', '', ''),('2379', '18351', '信阳师院', '', ''),('2380', '18401', '商丘师院', '', ''),('2381', '18451', '河南工商学院', '', ''),('2382', '18501', '黄淮学院', '', ''),('2383', '18551', '许昌学院', '', ''),('2384', '18601', '河南理工', '', ''),('2385', '18701', '河南财政税务高等专科学校', '', ''),('2386', '18702', '河南工程学院', '', ''),('2387', '18703', '河南工业贸易职业学院', '', ''),('2388', '18704', '河南工业职业技术学院', '', ''),('2389', '18705', '河南警察学院', '', ''),('2390', '18706', '河南广播影视学院', '', ''),('2391', '18707', '河南机电高等专科学校', '', ''),('2392', '18708', '河南检察职业学院', '', ''),('2393', '18709', '河南交通职业技术学院', '', ''),('2394', '18710', '河南教育学院', '', ''),('2395', '18711', '河南经贸职业学院', '', ''),('2396', '18712', '河南农业职业学院', '', ''),('2397', '18714', '河南省工商行政管理广播电视大学', '', ''),('2398', '18716', '河南司法警官职业学院', '', ''),('2399', '18717', '河南新华电脑学院', '', ''),('2400', '18718', '河南职业技术学院', '', ''),('2401', '18719', '河南质量工程职业学院', '', ''),('2402', '18720', '鹤壁职业技术学院', '', ''),('2403', '18721', '黄河水利职业技术学院', '', ''),('2404', '18722', '济源职业技术学院', '', ''),('2405', '18723', '焦作大学', '', ''),('2406', '18724', '焦作师范高等专科学校', '', ''),('2407', '18725', '开封大学', '', ''),('2408', '18726', '开封市电子科技专修学校', '', ''),('2409', '18727', '洛阳大学', '', ''),('2410', '18728', '洛阳理工学院', '', ''),('2411', '18729', '漯河医学高等专科学校', '', ''),('2412', '18730', '漯河职业技术学院', '', ''),('2413', '18731', '南阳医学高等专科学校', '', ''),('2414', '18732', '平顶山教育学院', '', ''),('2415', '18733', '平顶山工业职业技术学院', '', ''),('2416', '18735', '濮阳职业技术学院', '', ''),('2417', '18736', '三门峡职业技术学院', '', ''),('2418', '18737', '商丘科技职业学院', '', ''),('2419', '18738', '商丘医学高等专科学校', '', ''),('2420', '18739', '商丘职业技术学院', '', ''),('2421', '18740', '嵩山少林武术职业学院', '', ''),('2422', '18741', '铁道警察学院', '', ''),('2423', '18744', '信阳农林学院', '', ''),('2424', '18745', '信阳职业技术学院', '', ''),('2425', '18746', '许昌职业技术学院', '', ''),('2426', '18747', '永城职业学院', '', ''),('2427', '18748', '郑州大学西亚斯国际学院', '', ''),('2428', '18749', '郑州电力高等专科学校', '', ''),('2429', '18750', '郑州电子信息职业技术学院', '', ''),('2430', '18751', '郑州工业安全职业学院', '', ''),('2431', '18752', '郑州华信学院', '', ''),('2432', '18753', '郑州交通学院', '', ''),('2433', '18754', '郑州经贸职业学院', '', ''),('2434', '18755', '郑州科技职业学院', '', ''),('2435', '18756', '郑州旅游职业学院', '', ''),('2436', '18757', '河南牧业经济学院', '', ''),('2437', '18758', '郑州师范学院', '', ''),('2438', '18759', '郑州澍青医学高等专科学校', '', ''),('2439', '18760', '郑州铁路职业技术学院', '', ''),('2440', '18761', '郑州信息科技职业学院', '', ''),('2441', '18762', '郑州科技学院', '', ''),('2442', '18763', '中州大学', '', ''),('2443', '18764', '周口职业技术学院', '', ''),('2444', '18765', '郑州升达经贸管理学院', '', ''),('2445', '18767', '洛阳工业高等专科学校', '', ''),('2446', '18768', '河南职工医学院', '', ''),('2447', '18769', '河南科技学院新科学院', '', ''),('2448', '18770', '河南理工大学万方科技学院', '', ''),('2449', '18771', '中原工学院信息商务学院', '', ''),('2450', '18772', '安阳师范学院人文管理学院', '', ''),('2451', '18773', '商丘学院', '', ''),('2452', '18775', '开封教育学院', '', ''),('2453', '18777', '河南卫生职工学院', '', ''),('2454', '18778', '河南建筑职业技术学院', '', ''),('2455', '18779', '河南大学民生学院', '', ''),('2456', '18780', '河南师范大学新联学院', '', ''),('2457', '18781', '新乡医学院三全学院', '', ''),('2458', '18782', '信阳师范学院华锐学院', '', ''),('2459', '18793', '郑州电力职业技术学院', '', ''),('2460', '18798', '周口科技职业学院', '', ''),('2461', '18979', '河南省广播电视大学', '', ''),('2462', '18980', '中国人民解放军外国语学院', '', ''),('2463', '18981', '清华IT河南校区', '', ''),('2464', '18983', '第一拖拉机制造厂拖拉机学院', '', ''),('2465', '18984', '郑州煤炭管理干部学院', '', ''),('2466', '18985', '河南工业大学化学工业职业学院', '', ''),('2467', '18991', '河南省轻工业职工大学', '', ''),('2468', '18994', '郑州交通职业学院', '', ''),('2469', '18995', '郑州牧业高等专科学校', '', ''),('2470', '18996', '郑州布瑞达理工职业学院', '', ''),('2471', '18997', '河南医科大学教育中心', '', ''),('2472', '18999', '郑州轻工业轻工职业学院', '', '');
INSERT INTO `schools` VALUES ('2473', '19001', '重庆大学', '', ''),('2474', '19002', '西南大学', '', ''),('2475', '19003', '重庆师大', '', ''),('2476', '19004', '西南政法', '', ''),('2477', '19005', '重庆交大', '', ''),('2478', '19006', '重庆邮电大学', '', ''),('2479', '19007', '重庆医大', '', ''),('2480', '19008', '重庆工商', '', ''),('2481', '19009', '重庆科技学院', '', ''),('2482', '19010', '重庆理工大学', '', ''),('2483', '19011', '长江师范学院', '', ''),('2484', '19012', '四川外国语大学', '', ''),('2485', '19013', '四川美院', '', ''),('2486', '19014', '重庆三峡学院', '', ''),('2487', '19015', '重庆文理', '', ''),('2488', '19016', '重庆化工职业学院', '', ''),('2489', '19017', '后勤工程学院', '', ''),('2490', '19018', '重庆能源职业学院', '', ''),('2491', '19019', '重庆商务职业学院', '', ''),('2492', '19020', '重庆旅游职业学院', '', ''),('2493', '19021', '重庆五一高级技师学院', '', ''),('2494', '19022', '重庆通信学院&nbsp;', '', ''),('2495', '19023', '重庆轻工职业学院', '', ''),('2496', '19024', '重庆经贸职业学院', '', ''),('2497', '19025', '重庆公共运输职业学院', '', ''),('2498', '19026', '三峡师范学校', '', ''),('2499', '19027', '重庆艺术工程职业学院', '', ''),('2500', '19028', '重庆安全技术职业学院', '', ''),('2501', '19029', '中国人民解放军第三军医大学', '', ''),('2502', '19030', '重庆电信职业学院', '', ''),('2503', '19031', '西南大学荣昌校区', '', ''),('2504', '19032', '重庆广播电视大学', '', ''),('2505', '19102', '重庆房地产职业学院', '', ''),('2506', '19103', '重庆城市职业学院', '', ''),('2507', '19104', '重庆电力高等专科学校', '', ''),('2508', '19105', '重庆电子工程职业学院', '', ''),('2509', '19106', '重庆航天职业技术学院', '', ''),('2510', '19107', '重庆工程职业技术学院', '', ''),('2511', '19108', '重庆工商职业学院', '', ''),('2512', '19109', '重庆工业职业技术学院', '', ''),('2513', '19110', '重庆传媒职业学院', '', ''),('2514', '19111', '重庆海联职业技术学院', '', ''),('2515', '19112', '重庆机电职业技术学院', '', ''),('2516', '19113', '重庆警察学院', '', ''),('2517', '19114', '重庆民生职业技术学院', '', ''),('2518', '19115', '重庆三峡医药高等专科学校', '', ''),('2519', '19116', '重庆三峡职业学院', '', ''),('2520', '19118', '重庆水利电力职业技术学院', '', ''),('2521', '19119', '重庆信息技术职业学院', '', ''),('2522', '19120', '重庆医药高等专科学校', '', ''),('2523', '19121', '重庆正大软件职业技术学院', '', ''),('2524', '19122', '重庆职业技术学院', '', ''),('2525', '19123', '重庆第二师范学院', '', ''),('2526', '19124', '重庆应用外国语专修学院', '', ''),('2527', '19126', '重庆大学城市科技学院', '', ''),('2528', '19128', '重庆人文科技学院', '', ''),('2529', '19130', '四川外语学院重庆南方翻译学院', '', ''),('2530', '19132', '重庆师范大学涉外商贸学院', '', ''),('2531', '19134', '重庆工商大学融智学院', '', ''),('2532', '19136', '重庆工商大学派斯学院', '', ''),('2533', '19138', '重庆邮电大学移通学院', '', ''),('2534', '19140', '重庆工贸职业技术学院', '', ''),('2535', '19142', '重庆青年职业技术学院', '', ''),('2536', '19144', '重庆城市管理职业学院', '', ''),('2537', '19145', '重庆财经职业学院', '', ''),('2538', '19146', '重庆科创职业学院', '', ''),('2539', '19147', '重庆建筑工程职业学院', '', ''),('2540', '19148', '重庆五一技师学院', '', ''),('2541', '19150', '重庆通信学院', '', ''),('2542', '19151', '西南大学应用技术学院', '', ''),('2543', '19152', '重庆交通职业学院', '', ''),('2544', '19153', '重庆电讯职业学院', '', '');
INSERT INTO `schools` VALUES ('2545', '20001', '昆明理工大学', '', ''),('2546', '20002', '云南农大', '', ''),('2547', '20003', '云南师大', '', ''),('2548', '20004', '云南财经', '', ''),('2549', '20005', '云南民大', '', ''),('2550', '20006', '西南林业大学', '', ''),('2551', '20007', '昆明医科大学', '', ''),('2552', '20008', '云南中医学院', '', ''),('2553', '20009', '红河学院', '', ''),('2554', '20010', '云南警官学院', '', ''),('2555', '20011', '云南艺术', '', ''),('2556', '20012', '云南大学', '', ''),('2557', '20013', '云南工商学院', '', ''),('2558', '20014', '云南财贸外事职业学院', '', ''),('2559', '20015', '云南经贸外事职业学院', '', ''),('2560', '20016', '大理医学院', '', ''),('2561', '20017', '云南民族大学文化学院', '', ''),('2562', '20018', '云南广播电视大学昆明分校', '', ''),('2563', '20019', '昆明理工大学城市学院', '', ''),('2564', '20051', '曲靖师范', '', ''),('2565', '20101', '玉溪师院', '', ''),('2566', '20151', '楚雄师院', '', ''),('2567', '20201', '大理学院', '', ''),('2568', '20301', '保山学院', '', ''),('2569', '20302', '保山中医药高等专科学校', '', ''),('2570', '20303', '楚雄医药高等专科学校', '', ''),('2571', '20304', '德宏师范高等专科学校', '', ''),('2572', '20305', '云南大学滇池学院', '', ''),('2573', '20307', '昆明工业职业技术学院', '', ''),('2574', '20309', '云南工程职业学院', '', ''),('2575', '20310', '昆明冶金高等专科学校', '', ''),('2576', '20311', '昆明艺术职业学院', '', ''),('2577', '20312', '丽江师范高等专科学校', '', ''),('2578', '20313', '曲靖医学高等专科学校', '', ''),('2579', '20314', '普洱学院', '', ''),('2580', '20315', '文山学院', '', ''),('2581', '20316', '西双版纳职业技术学院', '', ''),('2582', '20317', '玉溪农业职业技术学院', '', ''),('2583', '20318', '云南爱因森软件职业学院', '', ''),('2584', '20319', '云南城市建设职业学院', '', ''),('2585', '20321', '云南国防工业职业技术学院', '', ''),('2586', '20322', '云南国土资源职业学院', '', ''),('2587', '20323', '云南机电职业技术学院', '', ''),('2588', '20324', '云南交通职业技术学院', '', ''),('2589', '20326', '云南经济管理职业学院', '', ''),('2590', '20327', '云南科技信息职业技术学院', '', ''),('2591', '20328', '云南林业职业技术学院', '', ''),('2592', '20329', '云南能源职业技术学院', '', ''),('2593', '20330', '云南农业职业技术学院', '', ''),('2594', '20331', '云南热带作物职业学院', '', ''),('2595', '20332', '云南省林业科学院', '', ''),('2596', '20333', '云南师范大学商学院', '', ''),('2597', '20334', '云南司法警官职业学院', '', ''),('2598', '20335', '云南体育运动职业技术学院', '', ''),('2599', '20336', '云南文化艺术职业学院', '', ''),('2600', '20337', '云南新兴职业学院', '', ''),('2601', '20338', '云南医学高等专科学校', '', ''),('2602', '20339', '昭通学院', '', ''),('2603', '20341', '昆明学院', '', ''),('2604', '20342', '昆明理工大学津桥学院', '', ''),('2605', '20343', '云南师范大学文理学院', '', ''),('2606', '20344', '昆明医学院海源学院', '', ''),('2607', '20345', '云南艺术学院文华学院', '', ''),('2608', '20346', '云南大学旅游文化学院', '', ''),('2609', '20347', '临沧师范高等专科学校', '', ''),('2610', '20348', '云南锡业职业技术学院', '', ''),('2611', '20349', '云南科技信息职业学院', '', '');
INSERT INTO `schools` VALUES ('2612', '21001', '河北大学', '', ''),('2613', '21002', '河北农大', '', ''),('2614', '21003', '中央司法警官学院', '', ''),('2615', '21004', '石家庄铁道大学', '', ''),('2616', '21005', '石家庄经济学院', '', ''),('2617', '21006', '河北京安学院', '', ''),('2618', '21007', '泊头职业学院', '', ''),('2619', '21008', '河北财经学院', '', ''),('2620', '21009', '石家庄幼儿师范高等专科学校', '', ''),('2621', '21010', '河北联合大学迁安学院', '', ''),('2622', '21011', '廊坊燕京职业技术学院', '', ''),('2623', '21012', '邢台广播电视大学', '', ''),('2624', '21013', '交通运输部管理干部学院 ', '', ''),('2625', '21014', '河北轨道运输职业技术学院', '', ''),('2626', '21015', '河北科技师范学院欧美学院', '', ''),('2627', '21016', '河北中医学院', '', ''),('2628', '21017', '东北石油大学秦皇岛校区', '', ''),('2629', '21018', '河北农业大学（渤海校区）', '', ''),('2630', '21051', '河北师大', '', ''),('2631', '21052', '河北科技大学', '', ''),('2632', '21053', '河北医科大学', '', ''),('2633', '21054', '河北经贸大学', '', ''),('2634', '21055', '河北体育学院', '', ''),('2635', '21056', '石家庄学院', '', ''),('2636', '21101', '燕山大学', '', ''),('2637', '21102', '河北科技师范学院', '', ''),('2638', '21151', '河北联合大学', '', ''),('2639', '21153', '唐山学院', '', ''),('2640', '21159', '唐山师范学院', '', ''),('2641', '21198', '燕京理工学院', '', ''),('2642', '21202', '北华航天工业学院', '', ''),('2643', '21203', '廊坊师范学院', '', ''),('2644', '21251', '防灾科技学院', '', ''),('2645', '21252', '华北科技学院', '', ''),('2646', '21301', '河北建筑工程学院', '', ''),('2647', '21302', '河北北方学院', '', ''),('2648', '21351', '承德医学院', '', ''),('2649', '21401', '邢台学院', '', ''),('2650', '21451', '河北工程大学', '', ''),('2651', '21452', '邯郸学院', '', ''),('2652', '21501', '衡水学院', '', ''),('2653', '21601', '保定电力职业技术学院', '', ''),('2654', '21602', '河北科技学院', '', ''),('2655', '21603', '河北金融学院', '', ''),('2656', '21604', '保定学院', '', ''),('2657', '21605', '保定职业技术学院', '', ''),('2658', '21606', '渤海石油职业学院', '', ''),('2659', '21607', '沧州师范学院', '', ''),('2660', '21608', '沧州医学高等专科学校', '', ''),('2661', '21609', '沧州职业技术学院', '', ''),('2662', '21610', '河北旅游职业学院', '', ''),('2663', '21611', '河北民族师范学院', '', ''),('2664', '21612', '承德石油高等专科学校', '', ''),('2665', '21615', '东北大学秦皇岛校区', '', ''),('2666', '21616', '邯郸职业技术学院', '', ''),('2667', '21617', '河北大学医学部', '', ''),('2668', '21618', '河北工程技术高等专科学校', '', ''),('2669', '21619', '河北工业职业技术学院', '', ''),('2670', '21620', '河北公安警察职业学院', '', ''),('2671', '21621', '河北化工医药职业技术学院', '', ''),('2672', '21622', '河北机电职业技术学院', '', ''),('2673', '21623', '河北建材职业技术学院', '', ''),('2674', '21624', '河北交通职业技术学院', '', ''),('2675', '21625', '河北京都高尔夫职业学院', '', ''),('2676', '21627', '河北农业大学海洋学院', '', ''),('2677', '21628', '河北女子职业技术学院', '', ''),('2678', '21629', '河北软件职业技术学院', '', ''),('2679', '21630', '河北省艺术职业学院', '', ''),('2680', '21631', '河北石油职业技术学院', '', ''),('2681', '21632', '河北司法警官职业学院', '', ''),('2682', '21633', '河北通信职业技术学院', '', ''),('2683', '21634', '河北远东职业技术学院', '', ''),('2684', '21635', '河北政法管理干部学院', '', ''),('2685', '21636', '河北职业技术学院', '', ''),('2686', '21637', '衡水职业技术学院', '', ''),('2687', '21638', '华北电力大学（保定）', '', ''),('2688', '21639', '监督管理局', '', ''),('2689', '21642', '廊坊大学城北大方正软件学院', '', ''),('2690', '21643', '廊坊东方大学城北京澳际联邦英语学校', '', ''),('2691', '21644', '廊坊东方大学城北京财经学院', '', ''),('2692', '21645', '廊坊东方大学城北京城市学院', '', ''),('2693', '21646', '廊坊东方大学城北京传媒学院', '', ''),('2694', '21647', '廊坊东方大学城北京经济技术职业学院', '', ''),('2695', '21648', '廊坊东方大学城北京经贸职业学院航空服务学院', '', ''),('2696', '21649', '廊坊东方大学城北京联合大学', '', ''),('2697', '21651', '廊坊东方大学城河北体育学院', '', ''),('2698', '21652', '廊坊东方大学城廊坊职业技术学院', '', ''),('2699', '21653', '秦皇岛教育学院', '', ''),('2700', '21654', '河北外国语职业学院', '', ''),('2701', '21655', '秦皇岛职业技术学院', '', ''),('2702', '21656', '河北美术学院', '', ''),('2703', '21657', '石家庄法商职业学院', '', ''),('2704', '21658', '石家庄工商职业学院', '', ''),('2705', '21659', '石家庄计算机职业学院', '', ''),('2706', '21660', '石家庄科技信息职业学院', '', ''),('2707', '21661', '石家庄理工职业学院', '', ''),('2708', '21662', '石家庄铁路职业技术学院', '', ''),('2709', '21663', '石家庄外国语职业学院', '', ''),('2710', '21664', '石家庄财经职业学院', '', ''),('2711', '21665', '河北外国语学院', '', ''),('2712', '21666', '石家庄信息工程职业学院', '', ''),('2713', '21667', '石家庄医学高等专科学校', '', ''),('2714', '21668', '河北传媒学院', '', ''),('2715', '21669', '石家庄邮电职业技术学院', '', ''),('2716', '21670', '石家庄职业技术学院', '', ''),('2717', '21671', '唐山工业职业技术学院', '', ''),('2718', '21672', '唐山广播电视大学', '', ''),('2719', '21673', '唐山科技职业技术学院', '', ''),('2720', '21674', '唐山职业技术学院', '', ''),('2721', '21675', '邢台医学高等专科学校', '', ''),('2722', '21676', '邢台职业技术学院', '', ''),('2723', '21677', '张家口职业技术学院', '', ''),('2724', '21678', '中国地质大学长城学院', '', ''),('2725', '21679', '中国环境管理干部学院', '', ''),('2726', '21680', '中国民航管理干部学院', '', ''),('2727', '21681', '张家口教育学院', '', ''),('2728', '21682', '河北能源职业技术学院', '', ''),('2729', '21683', '承德卫生学校', '', ''),('2730', '21684', '邯郸中原外国语职业学院', '', ''),('2731', '21685', '河北师范大学汇华学院', '', ''),('2732', '21686', '河北联合大学冀唐学院', '', ''),('2733', '21687', '河北医科大学临床学院', '', ''),('2734', '21688', '河北农业大学现代科技学院', '', ''),('2735', '21689', '石家庄铁道学院四方学院', '', ''),('2736', '21690', '燕山大学里仁学院', '', ''),('2737', '21691', '河北工程大学科信学院', '', ''),('2738', '21692', '河北联合大学轻工学院', '', ''),('2739', '21693', '河北大学工商学院', '', ''),('2740', '21694', '河北经贸大学经济管理学院', '', ''),('2741', '21695', '廊坊职业技术学院', '', ''),('2742', '21696', '石家庄外事职业学院', '', ''),('2743', '21697', '河北政法职业学院', '', ''),('2744', '21698', '冀中职业学院', '', ''),('2745', '21699', '石家庄科技工程职业学院', '', ''),('2746', '21701', '河北劳动关系职业学院', '', ''),('2747', '21704', '河北行政学院', '', ''),('2748', '21706', '赣州东方学校', '', ''),('2749', '21707', '北京中医药大学东方学院', '', ''),('2750', '21708', '承德燕北职业技术专修学院', '', ''),('2751', '21709', '河北工业大学廊坊分院', '', ''),('2752', '21712', '石家庄铁路工程技术学院', '', ''),('2753', '21714', '石家庄经济学院华信学院', '', ''),('2754', '21716', '中国轻工业干部管理学院', '', ''),('2755', '21717', '河北宣化通信士官学校', '', ''),('2756', '21718', '承德民族职业技术学院', '', ''),('2757', '21719', '河北省保定市财贸学校', '', ''),('2758', '21720', '宣化科技职业学院', '', ''),('2759', '21721', '河北青年管理干部学院', '', ''),('2760', '21722', '北京交通大学海滨学院', '', ''),('2761', '21723', '石家庄职工大学', '', ''),('2762', '21725', '河北地质职工大学', '', ''),('2763', '21726', '河北广播电视大学', '', ''),('2764', '21727', '保定广播电视大学', '', ''),('2765', '21728', '河北广播电视大学高等职业技术学院', '', '');
INSERT INTO `schools` VALUES ('2766', '22001', '江西财经', '', ''),('2767', '22002', '南昌大学', '', ''),('2768', '22003', '华东交通大学', '', ''),('2769', '22004', '南昌航空大学', '', ''),('2770', '22005', '南昌工程', '', ''),('2771', '22006', '南昌理工', '', ''),('2772', '22007', '江西中医药大学', '', ''),('2773', '22008', '江西科技师范大学', '', ''),('2774', '22009', '蓝天学院', '', ''),('2775', '22010', '江西农大', '', ''),('2776', '22011', '江西师大', '', ''),('2777', '22012', '江西太阳能科技学院', '', ''),('2778', '22013', '江西医学院上饶分院', '', ''),('2779', '22014', '江西科技学院', '', ''),('2780', '22015', '江西理工大学软件学院', '', ''),('2781', '22016', '江西新闻出版职业技术学院', '', ''),('2782', '22017', '江西水利职业学院 ', '', ''),('2783', '22051', '东华理工大学', '', ''),('2784', '22101', '景德镇陶瓷学院', '', ''),('2785', '22151', '赣南医学院', '', ''),('2786', '22152', '赣南师范学院', '', ''),('2787', '22153', '江西理工', '', ''),('2788', '22201', '上饶师范学院', '', ''),('2789', '22251', '井冈山大学', '', ''),('2790', '22301', '宜春学院', '', ''),('2791', '22351', '九江学院', '', ''),('2792', '22401', '抚州职业技术学院', '', ''),('2793', '22402', '赣南教育学院', '', ''),('2794', '22403', '赣西科技职业学院', '', ''),('2795', '22404', '江西财经职业学院', '', ''),('2796', '22405', '江西城市职业学院', '', ''),('2797', '22406', '南昌职业学院', '', ''),('2798', '22407', '江西电力职业技术学院', '', ''),('2799', '22408', '江西服装学院', '', ''),('2800', '22409', '南昌工学院', '', ''),('2801', '22410', '江西工程职业学院', '', ''),('2802', '22411', '江西工业工程职业技术学院', '', ''),('2803', '22412', '江西工业贸易职业技术学院', '', ''),('2804', '22413', '江西工业职业技术学院', '', ''),('2805', '22414', '江西警察学院', '', ''),('2806', '22415', '江西航空职业技术学院', '', ''),('2807', '22416', '江西护理职业技术学院', '', ''),('2808', '22417', '江西环境工程职业学院', '', ''),('2809', '22418', '江西机电职业技术学院', '', ''),('2810', '22419', '江西建设职业技术学院', '', ''),('2811', '22420', '江西交通职业技术学院', '', ''),('2812', '22421', '南昌师范学院', '', ''),('2813', '22422', '江西经济管理干部学院', '', ''),('2814', '22423', '江西经济管理职业学院', '', ''),('2815', '22424', '江西科技职业学院', '', ''),('2816', '22425', '江西旅游商贸职业学院', '', ''),('2817', '22426', '江西南昌教育学院', '', ''),('2818', '22427', '江西农业工程职业学院', '', ''),('2819', '22428', '江西青年职业学院', '', ''),('2820', '22429', '江西轻工职业技术学院', '', ''),('2821', '22430', '江西生物科技职业学院', '', ''),('2822', '22431', '江西省广播电视大学', '', ''),('2823', '22432', '江西司法警官职业学院', '', ''),('2824', '22433', '江西陶瓷工艺美术职业学院', '', ''),('2825', '22434', '江西外语外贸职业学院', '', ''),('2826', '22435', '江西先锋软件职业技术学院', '', ''),('2827', '22436', '江西现代职业技术学院', '', ''),('2828', '22437', '江西信息应用职业技术学院', '', ''),('2829', '22438', '江西行政管理干部学院', '', ''),('2830', '22439', '江西艺术职业学院', '', ''),('2831', '22440', '江西应用技术职业学院', '', ''),('2832', '22441', '江西渝州科技职业学院', '', ''),('2833', '22442', '江西制造职业技术学院', '', ''),('2834', '22443', '江西中医药高等专科学校', '', ''),('2835', '22444', '景德镇学院', '', ''),('2836', '22445', '九江职业大学', '', ''),('2837', '22446', '九江职业技术学院', '', ''),('2838', '22447', '南昌钢铁职工大学', '', ''),('2839', '22448', '南昌师范高等专科学校', '', ''),('2840', '22449', '南昌市业余大学', '', ''),('2841', '22450', '南昌市职工科技大学', '', ''),('2842', '22451', '萍乡高等专科学校', '', ''),('2843', '22452', '上饶职业技术学院', '', ''),('2844', '22453', '新余钢铁有限责任公司职工大学', '', ''),('2845', '22454', '新余学院', '', ''),('2846', '22455', '宜春职业技术学院', '', ''),('2847', '22456', '鹰潭职业技术学院', '', ''),('2848', '22457', '江西应用工程职业学院', '', ''),('2849', '22458', '江西农业大学南昌商学院', '', ''),('2850', '22459', '江西师范大学科学技术学院', '', ''),('2851', '22460', '华东交通大学理工学院', '', ''),('2852', '22461', '江西理工大学应用科学学院', '', ''),('2853', '22462', '东华理工大学长江学院', '', ''),('2854', '22463', '南昌航空大学科技学院', '', ''),('2855', '22464', '江西中医学院科技学院', '', ''),('2856', '22465', '江西财经大学现代经济管理学院', '', ''),('2857', '22466', '赣南师范学院科技学院', '', ''),('2858', '22467', '景德镇陶瓷学院科技艺术学院', '', ''),('2859', '22468', '江西科技师范学院理工学院', '', ''),('2860', '22469', '南昌大学共青学院', '', ''),('2861', '22470', '南昌大学科学技术学院', '', ''),('2862', '22471', '江西泰豪动漫职业学院', '', ''),('2863', '22472', '江西枫林涉外经贸职业学院', '', ''),('2864', '22473', '江西中山职业技术学院', '', ''),('2865', '22475', '江西艺术设计学院', '', ''),('2866', '22477', '江西师大鹰潭学院', '', '');
INSERT INTO `schools` VALUES ('2867', '23001', '山西大学', '', ''),('2868', '23002', '太原理工', '', ''),('2869', '23003', '中北大学', '', ''),('2870', '23004', '山西医大', '', ''),('2871', '23005', '山西中医学院', '', ''),('2872', '23006', '太原师范', '', ''),('2873', '23007', '太原科大', '', ''),('2874', '23008', '山西财经', '', ''),('2875', '23009', '运城职业技术学院', '', ''),('2876', '23010', '阳泉师范高等专科学校', '', ''),('2877', '23011', '山西轻工职业技术学院', '', ''),('2878', '23012', '山西交通技师学院', '', ''),('2879', '23013', '太原理工大学现代科技学院', '', ''),('2880', '23014', '山西经贸职业学院', '', ''),('2881', '23015', '吕梁高等专科学校离石师范分校', '', ''),('2882', '23016', '离石师范学院', '', ''),('2883', '23017', '朔州师范高等专科学校', '', ''),('2884', '23018', '山西同文职业技术学院', '', ''),('2885', '23019', '大同煤炭职业技术学院', '', ''),('2886', '23020', '运城师范高等专科学校', '', ''),('2887', '23021', '运城护理职业学院', '', ''),('2888', '23022', '山西冶金技师学院', '', ''),('2889', '23023', '山西冶金高级技工学校', '', ''),('2890', '23024', '中北大学朔州校区', '', ''),('2891', '23051', '山西师大', '', ''),('2892', '23101', '山西农大', '', ''),('2893', '23151', '大同大学', '', ''),('2894', '23201', '长治医学院', '', ''),('2895', '23202', '长治学院', '', ''),('2896', '23251', '运城学院', '', ''),('2897', '23301', '晋中学院', '', ''),('2898', '23351', '忻州师范', '', ''),('2899', '23401', '北岳职业技术学院', '', ''),('2900', '23402', '长治职业技术学院', '', ''),('2901', '23403', '晋城职业技术学院', '', ''),('2902', '23404', '晋中职业技术学院', '', ''),('2903', '23405', '临汾职业技术学院', '', ''),('2904', '23406', '潞安职业技术学院', '', ''),('2905', '23407', '吕梁学院', '', ''),('2906', '23408', '山西财贸职业技术学院', '', ''),('2907', '23409', '山西财政税务专科学校', '', ''),('2908', '23410', '山西电力职业技术学院', '', ''),('2909', '23411', '山西工程职业技术学院', '', ''),('2910', '23412', '山西工商学院', '', ''),('2911', '23413', '山西管理职业学院', '', ''),('2912', '23414', '山西国际商务职业学院', '', ''),('2913', '23415', '山西华澳商贸职业学院', '', ''),('2914', '23416', '山西机电职业技术学院', '', ''),('2915', '23417', '山西建筑职业技术学院', '', ''),('2916', '23418', '山西交通职业技术学院', '', ''),('2917', '23419', '山西金融职业技术学院', '', ''),('2918', '23420', '山西警官高等专科学校', '', ''),('2919', '23421', '山西警官职业学院', '', ''),('2920', '23422', '山西林业职业技术学院', '', ''),('2921', '23423', '山西旅游职业学院', '', ''),('2922', '23424', '山西煤炭职业技术学院', '', ''),('2923', '23425', '山西生物应用职业技术学院', '', ''),('2924', '23426', '山西水利职业技术学院', '', ''),('2925', '23427', '山西体育职业学院', '', ''),('2926', '23428', '山西同文外语职业学院', '', ''),('2927', '23429', '山西戏剧职业学院', '', ''),('2928', '23430', '山西信息职业技术学院', '', ''),('2929', '23431', '山西兴华职业学院', '', ''),('2930', '23432', '山西艺术职业学院', '', ''),('2931', '23433', '山西运城农业职业技术学院', '', ''),('2932', '23435', '山西职业技术学院', '', ''),('2933', '23436', '太原城市职业技术学院', '', ''),('2934', '23437', '太原学院', '', ''),('2935', '23438', '太原电力高等专科学校', '', ''),('2936', '23439', '太原旅游职业学院', '', ''),('2937', '23440', '忻州职业技术学院', '', ''),('2938', '23441', '阳泉职业技术学院', '', ''),('2939', '23443', '山西城市职业技术学院', '', ''),('2940', '23444', '运城农业学院', '', ''),('2941', '23445', '山西广播电视大学', '', ''),('2942', '23446', '晋中学院师范学院', '', ''),('2943', '23448', '朔州职业技术学院', '', ''),('2944', '23449', '山西农业大学平遥机电学院', '', ''),('2945', '23450', '山西农业大学信息学院', '', ''),('2946', '23451', '山西农业大学太原畜牧兽医学院', '', ''),('2947', '23452', '山西农业大学太原园艺学院（太原农业学校）', '', ''),('2948', '23453', '山西农业大学原平农学院（原平农业学校）', '', ''),('2949', '23454', '太原科技大学运城工学院（运城工学院）', '', ''),('2950', '23455', '山西财经大学运城学院', '', ''),('2951', '23456', '山西医科大学汾阳分院', '', ''),('2952', '23457', '山西医科大学晋祠学院', '', ''),('2953', '23458', '太原科技大学华科学院', '', ''),('2954', '23459', '山西财经大学华商学院', '', ''),('2955', '23460', '中北大学信息商务学院', '', ''),('2956', '23461', '山西师范大学现代文理学院', '', ''),('2957', '23462', '忻州师范学院五寨分院（五寨师范学院）', '', ''),('2958', '23463', '山西大学商务学院', '', ''),('2959', '23500', '太原工业学院', '', ''),('2960', '23501', '山西经济管理干部学院', '', ''),('2961', '23502', '山西青年职业学院', '', ''),('2962', '23503', '山西省职工工艺美术学院', '', ''),('2963', '23504', '山西省吕梁市教育学院', '', ''),('2964', '23506', '长治市教育学院', '', ''),('2965', '23507', '山西煤炭管理干部学院', '', ''),('2966', '23508', '山西政法管理干部学院', '', ''),('2967', '23509', '阳泉市教育学院', '', ''),('2968', '23510', '山西煤炭职工联合大学', '', ''),('2969', '23512', '太原钢铁(集团)有限公司职工钢铁学院', '', ''),('2970', '23513', '山西机电职工学院', '', ''),('2971', '23514', '太原化学工业集团有限公司职工大学', '', ''),('2972', '23515', '山西兵器工业职工大学', '', ''),('2973', '23516', '山西传媒学院', '', ''),('2974', '23517', '山西职工医学院', '', ''),('2975', '23518', '山西省临汾电力技师学院', '', ''),('2976', '23519', '太原大学外语师范学院', '', ''),('2977', '23521', '运城幼儿师范高等专科学校', '', ''),('2978', '23522', '中国辐射防护研究院', '', ''),('2979', '23524', '山西师大临汾学院', '', ''),('2980', '23525', '山西财经大学经济技术学院', '', ''),('2981', '23526', '山西老区职业技术学院', '', ''),('2982', '23527', '中国日用化学工业研究院', '', '');
INSERT INTO `schools` VALUES ('2983', '18055', '贵州盛华职业学院', '', ''),('2984', '18056', '贵州理工学院', '', ''),('2985', '24001', '贵州大学', '', ''),('2986', '24002', '贵阳医学院', '', ''),('2987', '24003', '贵阳中医学院', '', ''),('2988', '24004', '贵州财经大学', '', ''),('2989', '24005', '贵州民族大学', '', ''),('2990', '24006', '贵阳学院', '', ''),('2991', '24007', '贵州师范大学', '', ''),('2992', '24008', '铜仁学院', '', ''),('2993', '24009', '贵州职业技术学院 ', '', ''),('2994', '24010', '贵州省职业技术学院', '', ''),('2995', '24011', '兴义民族师范学院', '', ''),('2996', '24051', '遵义医学院', '', ''),('2997', '24052', '遵义师范学院', '', ''),('2998', '24101', '毕节学院', '', ''),('2999', '24151', '黔南师院', '', ''),('3000', '24201', '安顺学院', '', ''),('3001', '24251', '凯里学院', '', ''),('3002', '24301', '安顺职业技术学院', '', ''),('3003', '24302', '贵州电力职业技术学院', '', ''),('3004', '24303', '贵州电子信息职业技术学院', '', ''),('3005', '24304', '贵州航天职业技术学院', '', ''),('3006', '24306', '贵州交通职业技术学院', '', ''),('3007', '24307', '贵州警官职业学院', '', ''),('3008', '24308', '贵州工业职业技术学院', '', ''),('3009', '24310', '贵州轻工职业技术学院', '', ''),('3010', '24311', '贵州商业高等专科学校', '', ''),('3011', '24312', '六盘水师范学院', '', ''),('3012', '24313', '六盘水职业技术学院', '', ''),('3013', '24314', '黔东南民族职业技术学院', '', ''),('3014', '24315', '黔南民族医学高等专科学校', '', ''),('3015', '24316', '黔南民族职业技术学院', '', ''),('3016', '24318', '黔西南民族职业技术学院', '', ''),('3017', '24319', '铜仁职业技术学院', '', ''),('3018', '24320', '遵义医药高等专科学校', '', ''),('3019', '24321', '遵义职业技术学院', '', ''),('3020', '24322', '贵州财经学院商务学院', '', ''),('3021', '24323', '贵州民族学院人文科技学院', '', ''),('3022', '24324', '贵州师范大学求是学院', '', ''),('3023', '24325', '贵阳医学院神奇民族医药学院', '', ''),('3024', '24326', '遵义医学院医学与科技学院', '', ''),('3025', '24327', '贵阳中医学院时珍学院', '', ''),('3026', '24328', '贵州大学明德学院', '', ''),('3027', '24329', '贵州大学科技学院', '', ''),('3028', '24330', '贵阳护理职业学院', '', ''),('3029', '24331', '贵州亚泰职业学院', '', ''),('3030', '24333', '贵州师范学院', '', ''),('3031', '24334', '贵阳职业技术学院', '', ''),('3032', '24335', '毕节职业技术学院', '', ''),('3033', '24336', '贵州广播电视大学', '', ''),('3034', '24337', '贵州省财经学院商务学院', '', '');
INSERT INTO `schools` VALUES ('3035', '25001', '广西大学', '', ''),('3036', '25002', '广西医科大学', '', ''),('3037', '25003', '广西民族大学', '', ''),('3038', '25004', '广西中医药大学', '', ''),('3039', '25005', '广西师范学院', '', ''),('3040', '25006', '广西财经学院', '', ''),('3041', '25007', '广西艺术学院', '', ''),('3042', '25008', '广西外国语学院', '', ''),('3043', '25009', '广西经济职业学院', '', ''),('3044', '25051', '桂林电子科技大学', '', ''),('3045', '25052', '广西师范大学', '', ''),('3046', '25053', '桂林理工大学', '', ''),('3047', '25054', '桂林医学院', '', ''),('3048', '25101', '广西科技大学', '', ''),('3049', '25151', '右江民族医学院', '', ''),('3050', '25152', '百色学院', '', ''),('3051', '25201', '河池学院', '', ''),('3052', '25251', '玉林师范学院', '', ''),('3053', '25301', '钦州学院', '', ''),('3054', '25351', '贺州学院', '', ''),('3055', '25401', '梧州学院', '', ''),('3056', '25404', '广西大学行健文理学院', '', ''),('3057', '25405', '广西师范大学漓江学院', '', ''),('3058', '25406', '桂林电子科技大学信息科技学院', '', ''),('3059', '25407', '桂林工学院博文管理学院', '', ''),('3060', '25408', '广西科技大学鹿山学院', '', ''),('3061', '25409', '广西师范学院师园学院', '', ''),('3062', '25410', '广西民族大学相思湖学院', '', ''),('3063', '25411', '广西中医学院赛恩斯新医药学院', '', ''),('3064', '25501', '北海宏源足球职业学院', '', ''),('3065', '25502', '北海艺术设计职业学院', '', ''),('3066', '25503', '北海职业学院', '', ''),('3067', '25504', '广西城市职业学院', '', ''),('3068', '25505', '广西电力职业技术学院', '', ''),('3069', '25506', '广西东方外语职业学院', '', ''),('3070', '25507', '广西工商职业技术学院', '', ''),('3071', '25508', '广西工业职业技术学院', '', ''),('3072', '25509', '广西国际商务职业技术学院', '', ''),('3073', '25510', '广西机电职业技术学院', '', ''),('3074', '25511', '广西建设职业技术学院', '', ''),('3075', '25512', '广西交通职业技术学院', '', ''),('3076', '25513', '广西经济管理干部学院', '', ''),('3077', '25514', '广西经贸职业技术学院', '', ''),('3078', '25515', '广西警管高等专科学校', '', ''),('3079', '25516', '广西农业职业技术学院', '', ''),('3080', '25517', '广西轻工高级技工学校', '', ''),('3081', '25518', '广西生态工程职业技术学院', '', ''),('3082', '25519', '广西水利电力职业技术学院', '', ''),('3083', '25520', '广西体育高等专科学校', '', ''),('3084', '25521', '广西演艺职业学院', '', ''),('3085', '25522', '广西英华国际职业学院', '', ''),('3086', '25523', '南宁学院', '', ''),('3087', '25524', '广西幼儿师范学校', '', ''),('3088', '25525', '广西职业技术学院', '', ''),('3089', '25526', '贵港职业学院', '', ''),('3090', '25527', '桂林航天工业学院', '', ''),('3091', '25528', '桂林旅游高等专科学校', '', ''),('3092', '25529', '桂林山水职业学院', '', ''),('3093', '25530', '桂林师范高等专科学校', '', ''),('3094', '25531', '河池职业学院', '', ''),('3095', '25532', '柳州师范高等专科学校', '', ''),('3096', '25534', '柳州铁道职业技术学院', '', ''),('3097', '25535', '柳州职业技术学院', '', ''),('3098', '25536', '广西民族师范学院', '', ''),('3099', '25537', '南宁职业技术学院', '', ''),('3100', '25538', '南宁地区教育学院', '', ''),('3101', '25539', '北京航空航天大学北海学院', '', ''),('3102', '25540', '桂林工学院南宁分院', '', ''),('3103', '25541', '百色职业学院', '', ''),('3104', '25542', '广西教育学院', '', ''),('3105', '25543', '梧州职业学院', '', ''),('3106', '25544', '广西卫生管理干部学院', '', ''),('3107', '25547', '广西政法管理干部学院', '', ''),('3108', '25548', '柳州城市职业技术学院', '', '');
INSERT INTO `schools` VALUES ('3109', '26001', '内蒙古大学', '', ''),('3110', '26002', '内蒙古工业大学', '', ''),('3111', '26003', '内蒙古农大', '', ''),('3112', '26004', '内蒙古师大', '', ''),('3113', '26005', '内蒙古医科大学', '', ''),('3114', '26006', '内蒙古财经大学', '', ''),('3115', '26007', '中央党校函授学院内蒙古分院', '', ''),('3116', '26008', '中共内蒙古自治区委员会党校', '', ''),('3117', '26009', '内蒙古自治区行政学院', '', ''),('3118', '26010', '内蒙古大学创业学院', '', ''),('3119', '26011', '内蒙古科技大学包头医学院', '', ''),('3120', '26012', '内蒙古师范大学鸿德学院', '', ''),('3121', '26013', '呼伦贝尔职业技术学院', '', ''),('3122', '26014', '内蒙古师范大学民族艺术学院', '', ''),('3123', '26015', '内蒙古中山学院', '', ''),('3124', '26016', '内蒙古中山大学', '', ''),('3125', '26051', '内蒙古科大', '', ''),('3126', '26101', '内蒙古民族大学', '', ''),('3127', '26151', '赤峰学院', '', ''),('3128', '26201', '呼伦贝尔学院', '', ''),('3129', '26301', '包头钢铁职业技术学院', '', ''),('3130', '26302', '包头轻工职业技术学院', '', ''),('3131', '26303', '包头职业技术学院', '', ''),('3132', '26304', '河套大学', '', ''),('3133', '26305', '呼和浩特职业学院', '', ''),('3134', '26307', '科尔沁艺术职业学院', '', ''),('3135', '26308', '内蒙古财税职业学院', '', ''),('3136', '26309', '内蒙古电子信息职业技术学院', '', ''),('3137', '26310', '内蒙古青城大学', '', ''),('3138', '26311', '内蒙古化工职业学院', '', ''),('3139', '26312', '内蒙古机电职业技术学院', '', ''),('3140', '26313', '内蒙古建筑职业技术学院', '', ''),('3141', '26314', '内蒙古交通职业技术学院', '', ''),('3142', '26315', '呼和浩特民族学院', '', ''),('3143', '26316', '内蒙古商贸职业学院', '', ''),('3144', '26317', '内蒙古体育职业学院', '', ''),('3145', '26318', '通辽职业学院', '', ''),('3146', '26319', '乌海职业技术学院', '', ''),('3147', '26320', '乌兰察布职业学院', '', ''),('3148', '26321', '锡林郭勒职业学院', '', ''),('3149', '26322', '兴安职业技术学院', '', ''),('3150', '26323', '内蒙古警察职业学院', '', ''),('3151', '26325', '内蒙古北方职业技术学院', '', ''),('3152', '26326', '内蒙古丰州职业学院', '', ''),('3153', '26327', '内蒙古经贸外语职业学院', '', ''),('3154', '26328', '内蒙古科技职业学院', '', ''),('3155', '26329', '赤峰职业技术学院', '', ''),('3156', '26330', '包头铁道职业技术学院', '', ''),('3157', '26331', '内蒙古广播电视大学直属学院', '', ''),('3158', '26332', '集宁师范学院', '', ''),('3159', '26334', '包头师范学院', '', ''),('3160', '26335', '内蒙古科技大学包头师范学院', '', ''),('3161', '26336', '内蒙古医药专修学院', '', ''),('3162', '26337', '鄂尔多斯职业学院', '', ''),('3163', '26338', '乌兰察布医学高等专科学校', '', '');
INSERT INTO `schools` VALUES ('3164', '27001', '宁夏大学', '', ''),('3165', '27002', '北方民大', '', ''),('3166', '27003', '宁夏医科大学', '', ''),('3167', '27004', '宁夏防沙治沙职业技术学院', '', ''),('3168', '27005', '宁夏回族自治区广播电视大学', '', ''),('3169', '27006', '宁夏民族职业技术学院', '', ''),('3170', '27007', '银川能源学院', '', ''),('3171', '27051', '宁夏理工', '', ''),('3172', '27201', '吴忠职业技术学院', '', ''),('3173', '27202', '宁夏职业技术学院', '', ''),('3174', '27203', '宁夏财经职业技术学院', '', ''),('3175', '27204', '宁夏司法警官职业学院', '', ''),('3176', '27205', '宁夏师范学院', '', ''),('3177', '27206', '宁夏工业职业学院', '', ''),('3178', '27207', '宁夏工商职业技术学院', '', ''),('3179', '27208', '宁夏建设职业技术学院', '', ''),('3180', '27209', '银川科技职业学院（银川大学）', '', ''),('3181', '27210', '宁夏大学新华学院', '', ''),('3182', '27211', '中国矿业大学银川学院', '', '');
INSERT INTO `schools` VALUES ('3183', '28001', '青海大学', '', ''),('3184', '28002', '青海师大', '', ''),('3185', '28003', '青海民大', '', ''),('3186', '28004', '青海省广播电视大学', '', ''),('3187', '28005', '青海省联合职工大学', '', ''),('3188', '28006', '青海大学昆仑学院', '', ''),('3189', '28101', '青海民族师范高等专科学校', '', ''),('3190', '28102', '青海财经职业学院', '', ''),('3191', '28103', '青海畜牧兽医职业技术学院', '', ''),('3192', '28104', '青海建筑职业技术学院', '', ''),('3193', '28105', '青海师范高等专科学校', '', ''),('3194', '28106', '青海警官职业学院', '', ''),('3195', '28107', '青海交通职业技术学院', '', ''),('3196', '28108', '青海卫生职业技术学院', '', '');
INSERT INTO `schools` VALUES ('3197', '29001', '新疆大学', '', ''),('3198', '29002', '新疆农大', '', ''),('3199', '29003', '新疆医科大', '', ''),('3200', '29004', '新疆师大', '', ''),('3201', '29005', '新疆财经', '', ''),('3202', '29006', '新疆艺术学院', '', ''),('3203', '29007', '伊犁师范奎屯校区', '', ''),('3204', '29008', '阿克苏教育学院', '', ''),('3205', '29009', '和田地区教育学院', '', ''),('3206', '29010', '喀什教育学院', '', ''),('3207', '29011', '新疆工程学院', '', ''),('3208', '29012', '新疆警察学院', '', ''),('3209', '29013', '新疆生产建设兵团广播电视大学', '', ''),('3210', '29014', '新疆生产建设兵团教育学院', '', ''),('3211', '29015', '新疆体育职业技术学院', '', ''),('3212', '29016', '新疆维吾尔自治区钢铁公司职工大学', '', ''),('3213', '29017', '新疆维吾尔自治区广播电视大学', '', ''),('3214', '29018', '新疆应用职业技术学院', '', ''),('3215', '29019', '新疆铁道职业技术学院', '', ''),('3216', '29051', '石河子大学', '', ''),('3217', '29101', '塔里木大学', '', ''),('3218', '29151', '喀什师院', '', ''),('3219', '29201', '伊犁师院', '', ''),('3220', '29251', '昌吉学院', '', ''),('3221', '29301', '阿克苏职业技术学院', '', ''),('3222', '29302', '巴音郭楞职业技术学院', '', ''),('3223', '29303', '昌吉职业技术学院', '', ''),('3224', '29304', '和田师范专科学校', '', ''),('3225', '29305', '克拉玛依职业技术学院', '', ''),('3226', '29306', '乌鲁木齐职业大学', '', ''),('3227', '29307', '新疆兵团警官高等专科学校', '', ''),('3228', '29309', '新疆机电职业技术学院', '', ''),('3229', '29310', '新疆建设职业技术学院', '', ''),('3230', '29311', '新疆交通职业技术学院', '', ''),('3231', '29312', '新疆警官高等专科学校', '', ''),('3232', '29313', '新疆能源职业技术学院', '', ''),('3233', '29314', '新疆农业职业技术学院', '', ''),('3234', '29315', '新疆轻工职业技术学院', '', ''),('3235', '29316', '新疆石河子职业技术学院', '', ''),('3236', '29317', '新疆天山职业技术学院', '', ''),('3237', '29318', '新疆维吾尔医学专科学校', '', ''),('3238', '29319', '新疆现代职业技术学院', '', ''),('3239', '29320', '伊犁职业技术学院', '', ''),('3240', '29321', '新疆科信学院', '', ''),('3241', '29322', '新疆职业大学', '', ''),('3242', '29323', '新疆石油学院', '', ''),('3243', '29324', '新疆大学科学技术学院', '', ''),('3244', '29325', '新疆农业大学科学技术学院', '', ''),('3245', '29326', '新疆财经大学商务学院', '', ''),('3246', '29327', '新疆医科大学厚博学院', '', ''),('3247', '29328', '石河子大学科技学院', '', ''),('3248', '29329', '新疆教育学院', '', ''),('3249', '29331', '新疆政法学院', '', ''),('3250', '29332', '新疆广播电视大学', '', '');
INSERT INTO `schools` VALUES ('3251', '30001', '海南大学', '', ''),('3252', '30002', '海南医学院', '', ''),('3253', '30005', '海南师范大学', '', ''),('3254', '30051', '华南热带农大', '', ''),('3255', '30101', '琼州学院', '', ''),('3256', '30201', '海口经济学院', '', ''),('3257', '30202', '海南经贸职业技术学院', '', ''),('3258', '30203', '海南软件职业技术学院', '', ''),('3259', '30204', '海南外国语职业学院', '', ''),('3260', '30205', '海南工商职业学院', '', ''),('3261', '30206', '海南政法职业学院', '', ''),('3262', '30207', '海南职业技术学院', '', ''),('3263', '30208', '琼台师范高等专科学校', '', ''),('3264', '30209', '三亚航空旅游职业学院', '', ''),('3265', '30210', '三亚卓达旅游职业学院', '', ''),('3266', '30211', '三亚学院', '', ''),('3267', '30212', '三亚城市职业学院', '', ''),('3268', '30213', '海南科技职业学院', '', ''),('3269', '30214', '三亚理工职业学院', '', '');
INSERT INTO `schools` VALUES ('3270', '31001', '西藏大学', '', ''),('3271', '31002', '西藏藏医学院', '', ''),('3272', '31003', '西藏民院', '', ''),('3273', '31101', '拉萨师范高等专科学校', '', ''),('3274', '31102', '西藏警官高等专科学校', '', ''),('3275', '31103', '西藏职业技术学院', '', ''),('3276', '31104', '西藏民族学院', '', '');
INSERT INTO `schools` VALUES ('3277', '32001', '香港大学', '', ''),('3278', '32002', '香港中文大学', '', ''),('3279', '32003', '香港科技大学', '', ''),('3280', '32004', '香港理工大学', '', ''),('3281', '32005', '香港城市大学', '', ''),('3282', '32006', '香港浸会大学', '', ''),('3283', '32007', '香港岭南大学', '', ''),('3284', '32008', '香港国际工商管理学院', '', ''),('3285', '32009', '香港珠海学院', '', ''),('3286', '32010', '香港教育学院', '', ''),('3287', '32011', '香港树仁大学', '', ''),('3288', '32012', '香港演艺学院', '', ''),('3289', '32013', 'The Open University of HongKong', '', '');
INSERT INTO `schools` VALUES ('3290', '33001', '澳门大学', '', ''),('3291', '33002', '澳门理工学院', '', ''),('3292', '33003', '澳门科技大学', '', ''),('3293', '33004', '澳门旅游学院', '', ''),('3294', '33005', '澳门镜湖护理学院', '', ''),('3295', '33006', '澳门城市大学', '', ''),('3296', '33007', '天主教辅仁大学', '', ''),('3297', '33008', '长庚大学', '', ''),('3298', '33009', '私立义守大学', '', ''),('3299', '33010', '东海大学', '', '');
INSERT INTO `schools` VALUES ('3300', '34001', '国立台湾大学', '', ''),('3301', '34002', '国立中正大学', '', ''),('3302', '34003', '国立台湾艺术大学', '', ''),('3303', '34004', '国立清华大学', '', ''),('3304', '34005', '国立中山大学', '', ''),('3305', '34006', '国立政治大学', '', ''),('3306', '34007', '国立成功大学', '', ''),('3307', '34008', '国立中央大学', '', ''),('3308', '34009', '国立阳明大学', '', ''),('3309', '34010', '国立东华大学', '', ''),('3310', '34011', '国立中兴大学', '', ''),('3311', '34012', '国立台湾师范大学', '', ''),('3312', '34013', '国立台湾海洋大学', '', ''),('3313', '34014', '国立高雄大学', '', ''),('3314', '34015', '国立嘉义大学', '', ''),('3315', '34016', '国立台湾科技大学', '', ''),('3316', '34017', '国立空中大学', '', ''),('3317', '34018', '国立台北大学', '', ''),('3318', '34019', '国立高雄师范大学', '', ''),('3319', '34020', '国立联合大学', '', ''),('3320', '34021', '国立暨南国际大学', '', ''),('3321', '34022', '国立屏东科技大学', '', ''),('3322', '34023', '国立彰化师范大学', '', ''),('3323', '34024', '国立台北科技大学', '', ''),('3324', '34025', '国立台东大学', '', ''),('3325', '34026', '国立宜蓝大学', '', ''),('3326', '34027', '国立台北艺术大学', '', ''),('3327', '34028', '国立云林科技大学', '', ''),('3328', '34029', '国立台南大学', '', ''),('3329', '34030', '国立虎尾科技大学', '', ''),('3330', '34031', '国立花莲教育大学', '', ''),('3331', '34032', '国立高雄第一科技大学', '', ''),('3332', '34033', '国立屏东教育大学', '', ''),('3333', '34034', '国立新竹教育大学', '', ''),('3334', '34035', '国立澎湖科技大学', '', ''),('3335', '34036', '建国科技大学', '', ''),('3336', '34037', '国立台南艺术大学', '', ''),('3337', '34038', '国立高雄应用科技大学', '', ''),('3338', '34039', '国立高雄海洋科技大学', '', ''),('3339', '34040', '国立勤益科技大学', '', ''),('3340', '34041', '东吴大学', '', ''),('3341', '34042', '国立交通大学', '', ''),('3342', '34043', '逢甲大学', '', ''),('3343', '34044', '高雄醫學大學', '', ''),('3344', '34045', '淡江大學', '', ''),('3345', '34046', '辅仁大学', '', ''),('3346', '34047', '台湾静宜大学', '', ''),('3347', '34048', '中国文化大学', '', ''),('3348', '34049', '育達科技大學', '', ''),('3349', '34050', '世新大学', '', ''),('3350', '34051', '铭传大学', '', ''),('3351', '34052', '国立台北教育大学', '', ''),('3352', '34053', '台湾亚洲大学', '', ''),('3353', '34054', '中原大学', '', ''),('3354', '34055', '铭传大学&nbsp;', '', ''),('3355', '34056', '实践大学', '', ''),('3356', '34057', '景文科技大学', '', ''),('3357', '34058', '東海大學', '', ''),('3358', '34059', '清云科技大学', '', ''),('3359', '34060', '朝阳科技大学', '', ''),('3360', '34061', '元智大学', '', ''),('3361', '34062', '元培科技大學', '', ''),('3362', '34063', '私立中國醫藥大學', '', ''),('3363', '34064', '台湾明志科技大学', '', ''),('3364', '34065', '岭东科技大学', '', ''),('3365', '34066', '玄奘大学', '', ''),('3366', '34067', '聖約翰科技大學', '', ''),('3367', '34068', '文藻外語學院', '', ''),('3368', '34069', 'Tatung University', '', ''),('3369', '34070', '台湾崑山科技大学', '', ''),('3370', '34072', '台湾树德科技大学', '', ''),('3371', '34073', '國立臺中教育大學', '', ''),('3372', '34074', '台北市立体育学院', '', ''),('3373', '34075', '正修科技大学', '', ''),('3374', '34076', '国立台中教育大学', '', ''),('3375', '34077', '东南科技大学', '', ''),('3376', '34078', '龙华科技大学', '', ''),('3377', '34079', '侨光科技大学', '', ''),('3378', '34080', '南台科技大学', '', ''),('3379', '34081', '中原大學', '', ''),('3380', '34082', '台湾首府大学', '', ''),('3381', '34083', '台中教育大學', '', ''),('3382', '34084', '大仁科技大學', '', ''),('3383', '34085', '中华大学', '', ''),('3384', '34086', '台北市立大学', '', ''),('3385', '34087', '佛光大學', '', ''),('3386', '34088', '國立台中科技大學', '', ''),('3387', '34089', '台北医学大学', '', ''),('3388', '34090', '台灣大同大學', '', ''),('3389', '34091', '长荣大学', '', '');


-- ----------------------------
-- Table structure for `verify_question`
-- ----------------------------
DROP TABLE IF EXISTS `verify_question`;
CREATE TABLE `verify_question` (
  `id` int(11) NOT NULL,
  `question` varchar(255) NOT NULL COMMENT '验证问题',
  `answer` varchar(255) NOT NULL COMMENT '验证答案',
  PRIMARY KEY (`id`)
) ENGINE=InnoDB DEFAULT CHARSET=utf8;

-- ----------------------------
-- Records of verify_question
-- ----------------------------
INSERT INTO `verify_question` VALUES ('1', '本站网址是？', 'www.findfool.com');
INSERT INTO `verify_question` VALUES ('2', '本站中文名称是？', '余悦');
INSERT INTO `verify_question` VALUES ('3', '圣诞节是几月几日？', '12.25');
INSERT INTO `verify_question` VALUES ('4', '中国的英文名称是？', 'china');
